Timestamp,Age,Gender,Education,Employment,Response1,Response2,Response3,Response4,Response5,Response6,Response7,Response8,Response9,Response10,Response11,Response12,Response13,Response14,Response15,Response16,Response17,Response18,Response19,Response20,Response21,Response22,Response23,Response24
2024/12/28 04:30:11 PM GMT+5,25-34,Female,Undergraduate,Employed Full Time,4,3,3,4,2,3,2,3,2,5,4,4,1,1,1,1,3,4,3,4,4,4,4,1
2025/01/28 04:13:30 PM GMT+5,25-34,Male,Undergraduate,Employed Part-Time,2,5,1,1,2,2,4,3,2,3,1,5,5,3,3,5,5,4,2,1,1,1,3,5
2025/01/07 06:57:08 PM GMT+5,35-44,Female,Undergraduate,Employed Full Time,2,5,3,4,2,1,5,1,3,3,5,4,3,2,1,4,4,3,4,1,5,5,3,1
2024/12/24 11:15:52 AM GMT+5,45 and above,Male,Undergraduate,Employed Part-Time,3,5,2,5,3,4,2,1,5,2,5,2,2,2,3,3,5,1,2,4,1,3,4,2
2025/01/25 10:58:28 PM GMT+5,45 and above,Male,Intermediate,Employed Full Time,4,4,1,5,3,1,5,4,2,5,2,3,4,5,4,2,3,5,5,2,2,1,4,2
2025/01/14 12:38:01 AM GMT+5,25-34,Female,Intermediate,Employed Full Time,5,5,5,1,4,1,1,5,2,3,1,4,5,5,4,3,1,3,2,1,2,5,3,2
2024/12/21 03:54:26 PM GMT+5,45 and above,Male,Doctorate,Student,1,3,5,3,2,5,5,2,2,4,5,1,2,1,4,2,5,2,2,2,2,5,3,4
2025/01/15 02:15:47 PM GMT+5,45 and above,Male,Intermediate,Employed Part-Time,5,4,2,1,2,2,1,4,4,4,3,2,1,4,4,4,2,1,5,4,3,4,3,1
2024/12/27 11:25:27 AM GMT+5,18-24,Male,Doctorate,Employed Part-Time,3,4,3,2,1,5,3,5,5,1,1,1,5,2,1,2,2,1,1,4,4,3,3,1
2024/12/26 11:32:17 PM GMT+5,45 and above,Male,Doctorate,Employed Part-Time,3,5,1,3,1,4,5,4,5,3,2,3,3,4,2,4,5,2,4,5,4,5,4,2
2025/01/09 07:16:34 AM GMT+5,35-44,Female,Intermediate,Employed Part-Time,5,2,5,4,3,4,4,1,5,3,3,3,1,2,5,2,1,2,3,5,2,2,5,1
2024/12/28 08:03:16 AM GMT+5,45 and above,Female,Doctorate,Employed Part-Time,5,3,5,3,4,3,3,4,5,3,3,1,4,4,3,5,1,5,3,3,1,4,4,1
2024/12/17 03:24:54 PM GMT+5,25-34,Male,Doctorate,Employed Full Time,1,4,3,1,5,1,3,5,4,5,1,5,1,1,2,2,1,1,5,2,4,4,1,5
2025/01/23 11:35:44 AM GMT+5,25-34,Female,Intermediate,Employed Part-Time,4,2,5,5,3,2,4,2,2,2,5,3,5,2,3,3,5,5,2,4,2,2,3,5
2024/12/15 01:57:23 AM GMT+5,25-34,Female,Undergraduate,Student,5,2,4,1,2,2,4,5,2,5,1,1,4,1,1,3,2,4,3,5,5,5,5,4
2025/01/23 11:21:54 PM GMT+5,35-44,Female,Intermediate,Employed Part-Time,5,2,2,2,4,3,3,2,5,4,5,1,3,5,2,5,4,4,3,1,3,4,4,1
2025/01/30 01:42:25 PM GMT+5,35-44,Male,Intermediate,Employed Full Time,1,5,2,2,3,3,4,4,1,1,5,1,3,2,2,4,5,5,1,1,2,3,3,1
2024/12/19 04:50:57 AM GMT+5,18-24,Female,Graduate,Employed Part-Time,4,2,5,5,5,3,4,1,4,5,1,2,5,1,4,3,2,2,3,2,2,2,5,3
2025/01/26 07:49:02 PM GMT+5,25-34,Male,Undergraduate,Student,1,4,2,1,4,2,4,5,4,5,2,4,2,3,2,4,3,2,3,1,4,5,4,2
2024/12/29 05:49:32 PM GMT+5,45 and above,Male,Graduate,Student,2,4,1,5,3,1,2,1,2,5,3,3,3,4,4,2,3,5,1,5,5,3,5,4
2025/01/26 06:12:52 PM GMT+5,45 and above,Female,Graduate,Student,1,1,3,4,3,2,4,1,3,5,4,3,3,4,2,2,5,1,5,2,3,1,5,3
2025/01/02 04:49:55 AM GMT+5,35-44,Male,Intermediate,Employed Part-Time,3,2,2,1,4,4,3,4,3,5,3,2,5,5,2,3,2,1,1,4,5,1,1,3
2025/01/06 12:20:30 PM GMT+5,18-24,Female,Doctorate,Employed Full Time,5,4,1,5,3,2,4,4,3,4,4,3,2,4,5,4,2,3,2,4,1,4,1,5
2025/01/11 05:13:59 PM GMT+5,45 and above,Male,Undergraduate,Employed Full Time,2,1,3,1,1,5,5,4,4,1,5,2,2,5,1,4,4,1,4,3,2,3,2,3
2025/01/17 03:07:21 PM GMT+5,18-24,Female,Undergraduate,Employed Part-Time,5,4,1,4,3,1,4,3,2,5,2,3,5,3,4,3,2,1,5,1,4,1,2,1
2025/01/18 10:30:37 AM GMT+5,18-24,Male,Intermediate,Employed Full Time,3,2,3,3,3,3,3,1,2,5,5,1,5,2,4,5,3,3,5,3,2,1,4,5
2024/12/23 05:53:45 PM GMT+5,45 and above,Male,Intermediate,Employed Full Time,1,1,3,2,5,1,4,2,3,4,1,3,3,2,2,2,5,2,3,1,4,2,2,3
2025/01/15 05:43:58 PM GMT+5,25-34,Female,Doctorate,Student,5,4,4,3,5,3,5,5,5,2,4,1,3,5,4,3,3,5,2,3,5,5,2,4
2025/01/19 11:30:55 AM GMT+5,25-34,Female,Graduate,Employed Full Time,3,3,5,2,3,3,1,2,5,5,2,3,4,4,2,1,4,2,2,2,3,5,3,2
2025/01/08 05:59:35 AM GMT+5,35-44,Female,Intermediate,Employed Full Time,1,3,5,3,5,1,2,2,2,3,5,4,4,3,1,1,3,3,5,5,3,1,4,5
2025/01/02 04:27:02 PM GMT+5,25-34,Male,Doctorate,Employed Full Time,2,1,3,1,5,5,4,3,1,5,2,1,1,3,2,3,3,5,4,5,3,4,5,4
2024/12/25 08:41:29 PM GMT+5,18-24,Male,Doctorate,Student,3,4,1,4,5,5,1,5,5,5,5,1,5,3,3,4,5,1,3,4,2,2,2,1
2024/12/24 08:37:34 AM GMT+5,25-34,Male,Intermediate,Employed Part-Time,5,1,5,3,2,1,4,4,5,2,4,3,1,5,1,1,3,4,2,3,3,3,1,5
2025/01/02 11:09:26 AM GMT+5,18-24,Female,Graduate,Employed Full Time,5,2,1,3,3,1,4,5,3,2,4,2,5,4,2,2,4,4,5,5,1,3,2,2
2025/01/23 12:20:08 AM GMT+5,45 and above,Female,Doctorate,Employed Part-Time,3,4,3,1,5,1,2,2,3,1,1,3,2,3,4,4,4,3,4,5,5,3,1,4
2025/01/20 05:11:11 PM GMT+5,45 and above,Female,Doctorate,Employed Part-Time,1,5,4,5,2,2,1,4,2,5,3,3,5,4,4,4,4,2,1,3,4,3,5,5
2024/12/16 09:13:48 AM GMT+5,45 and above,Female,Intermediate,Student,3,1,1,3,4,2,1,5,1,1,5,3,4,5,1,4,3,1,4,5,1,4,3,3
2025/01/11 03:48:51 AM GMT+5,45 and above,Female,Intermediate,Student,2,3,3,2,3,1,3,1,3,5,5,2,1,2,1,1,5,2,1,3,3,1,4,1
2024/12/18 05:54:12 PM GMT+5,25-34,Male,Doctorate,Student,4,4,1,2,1,4,5,4,2,2,2,3,2,4,2,2,2,1,1,2,3,1,5,3
2025/01/14 04:16:30 PM GMT+5,25-34,Male,Undergraduate,Student,1,3,3,4,4,5,3,2,5,4,5,5,2,3,3,4,3,2,2,1,2,1,5,4
2025/01/14 12:10:03 PM GMT+5,45 and above,Male,Intermediate,Employed Part-Time,3,5,1,1,1,3,5,2,3,1,5,4,1,4,3,3,3,1,4,2,4,4,3,5
2024/12/24 11:55:34 AM GMT+5,25-34,Male,Intermediate,Student,1,4,3,3,5,4,5,2,2,5,4,3,4,2,5,4,2,2,1,5,2,4,2,1
2025/01/06 02:13:32 AM GMT+5,18-24,Male,Intermediate,Employed Full Time,2,4,3,3,2,2,4,2,1,5,5,2,2,5,3,4,1,4,4,4,3,5,2,4
2025/01/24 03:56:20 AM GMT+5,25-34,Male,Doctorate,Employed Full Time,3,1,3,2,4,4,3,1,4,3,3,5,2,4,5,2,4,1,3,2,4,1,4,3
2024/12/22 08:22:58 PM GMT+5,18-24,Male,Graduate,Employed Full Time,5,3,3,2,3,2,2,1,2,4,2,4,5,2,5,5,1,3,3,1,1,5,2,5
2024/12/30 09:29:46 AM GMT+5,35-44,Male,Graduate,Employed Part-Time,3,2,2,1,5,1,2,3,5,5,4,4,1,3,3,3,2,5,4,5,3,1,4,3
2024/12/27 11:51:34 PM GMT+5,25-34,Female,Graduate,Student,1,5,5,3,2,3,2,2,3,2,1,4,3,2,5,3,3,5,3,1,5,1,1,4
2025/01/16 07:55:33 AM GMT+5,35-44,Female,Graduate,Student,1,3,4,4,3,2,3,2,4,3,3,5,5,4,5,1,3,5,2,5,4,2,3,1
2024/12/29 09:32:11 AM GMT+5,25-34,Female,Graduate,Employed Part-Time,2,3,3,2,2,4,2,5,1,3,4,3,4,2,1,4,2,3,2,3,4,1,3,5
2024/12/19 03:46:16 AM GMT+5,45 and above,Male,Intermediate,Employed Full Time,1,3,3,5,3,1,1,2,1,5,2,2,2,3,3,1,5,2,5,5,4,2,2,1
2024/12/15 10:10:18 PM GMT+5,18-24,Male,Intermediate,Student,1,2,1,3,2,4,5,4,1,3,3,3,4,2,3,4,4,2,5,2,3,2,4,4
2025/01/16 08:57:42 PM GMT+5,25-34,Female,Intermediate,Employed Full Time,2,1,1,1,3,5,4,1,4,1,2,5,4,2,2,1,3,1,3,2,1,5,1,2
2024/12/24 09:20:29 AM GMT+5,25-34,Male,Doctorate,Employed Part-Time,1,2,4,2,3,5,5,3,2,3,5,1,5,5,5,3,5,5,4,4,1,5,2,1
2025/01/09 08:02:45 PM GMT+5,25-34,Female,Graduate,Employed Part-Time,2,2,5,4,5,1,3,1,5,4,4,5,1,5,3,1,3,4,4,5,1,1,2,5
2025/01/19 01:45:33 PM GMT+5,35-44,Male,Doctorate,Student,2,3,3,4,1,3,1,1,2,1,5,1,1,3,5,4,2,4,1,1,2,5,2,5
2024/12/21 06:28:40 AM GMT+5,25-34,Female,Undergraduate,Employed Part-Time,1,4,5,1,2,3,4,4,4,2,1,5,3,3,3,2,5,4,2,2,2,2,2,4
2025/01/01 11:14:16 PM GMT+5,25-34,Female,Graduate,Employed Full Time,5,4,4,3,1,4,5,5,1,2,5,4,1,4,5,4,2,5,3,3,5,5,5,1
2025/01/08 08:31:46 PM GMT+5,18-24,Female,Graduate,Employed Part-Time,2,1,2,3,1,2,2,3,3,1,3,5,4,3,2,5,4,2,5,5,3,1,1,2
2025/01/21 07:21:48 AM GMT+5,45 and above,Female,Doctorate,Student,2,2,2,1,3,2,1,2,4,1,3,5,3,1,1,3,5,1,3,1,4,5,1,5
2024/12/20 12:03:12 PM GMT+5,45 and above,Female,Doctorate,Student,5,4,3,5,4,2,4,4,5,2,2,4,4,5,4,3,2,4,3,1,4,4,3,4
2025/01/18 05:49:56 PM GMT+5,18-24,Female,Undergraduate,Employed Part-Time,1,2,1,4,4,4,3,3,4,5,5,2,5,1,3,1,1,5,5,1,3,2,5,3
2024/12/30 06:00:21 PM GMT+5,45 and above,Female,Undergraduate,Employed Full Time,3,1,1,2,2,2,5,4,2,5,5,2,3,5,5,1,4,5,2,4,1,3,5,3
2024/12/30 06:09:01 PM GMT+5,25-34,Male,Graduate,Student,2,5,3,2,4,1,5,3,4,1,2,1,4,1,1,3,2,3,3,5,4,4,3,5
2025/01/12 10:09:15 AM GMT+5,25-34,Female,Graduate,Student,3,1,2,1,3,1,3,2,4,1,2,2,3,5,2,2,5,3,3,2,4,1,2,1
2025/01/17 07:35:01 AM GMT+5,25-34,Male,Undergraduate,Employed Part-Time,5,3,1,2,4,1,2,1,2,3,3,1,2,1,1,2,5,3,1,3,1,5,2,1
2025/01/03 03:24:38 AM GMT+5,25-34,Female,Graduate,Employed Part-Time,3,3,4,2,4,5,2,2,3,5,1,5,3,5,1,4,3,1,2,2,4,1,2,1
2025/01/07 09:11:03 PM GMT+5,25-34,Male,Doctorate,Employed Part-Time,3,2,1,1,4,3,3,4,2,3,4,5,2,4,4,5,2,5,2,5,4,3,4,5
2025/01/27 03:40:54 AM GMT+5,25-34,Female,Doctorate,Employed Part-Time,2,1,4,3,2,5,3,5,2,3,4,2,1,4,2,1,4,2,4,1,5,3,2,3
2024/12/21 11:00:06 AM GMT+5,18-24,Male,Doctorate,Student,4,3,1,5,3,3,2,2,5,3,5,4,3,4,5,2,4,3,3,5,3,4,2,4
2025/02/02 04:41:40 PM GMT+5,45 and above,Male,Undergraduate,Employed Part-Time,5,2,3,2,5,3,1,3,4,1,1,3,3,2,4,4,2,3,4,5,4,2,2,2
2024/12/25 09:27:03 PM GMT+5,35-44,Female,Intermediate,Employed Part-Time,4,2,1,2,4,5,3,4,5,5,2,4,2,1,2,2,2,3,3,3,1,1,4,1
2025/02/01 03:11:02 AM GMT+5,45 and above,Male,Intermediate,Employed Full Time,1,4,5,4,5,4,1,3,4,3,3,3,4,4,1,2,1,5,2,2,5,1,2,5
2025/01/05 12:55:52 PM GMT+5,45 and above,Male,Graduate,Employed Full Time,4,5,2,5,4,5,3,1,3,2,4,4,1,5,2,5,2,5,4,4,4,3,2,5
2024/12/21 03:53:03 AM GMT+5,25-34,Female,Doctorate,Employed Full Time,2,1,3,2,4,5,2,2,3,3,1,2,3,3,1,4,4,4,2,4,3,3,1,2
2025/01/26 06:08:07 AM GMT+5,18-24,Male,Intermediate,Student,2,3,4,3,2,1,2,1,4,4,5,3,2,2,1,2,2,4,1,3,3,2,1,4
2025/01/30 07:15:45 PM GMT+5,35-44,Male,Graduate,Employed Part-Time,3,2,2,1,1,2,2,1,4,5,4,5,2,2,3,5,5,3,3,1,1,1,2,5
2024/12/27 03:28:34 PM GMT+5,35-44,Female,Graduate,Employed Full Time,3,2,4,3,1,2,2,1,2,1,4,2,2,1,4,4,5,2,5,3,2,3,3,1
2025/01/30 09:34:18 AM GMT+5,45 and above,Female,Intermediate,Student,3,2,5,2,3,1,1,5,5,4,5,5,2,2,4,3,4,1,2,4,3,4,3,5
2024/12/20 04:01:25 PM GMT+5,25-34,Male,Doctorate,Employed Full Time,2,3,1,1,5,1,4,2,4,3,1,1,3,3,2,5,5,5,3,4,1,3,4,3
2025/02/04 08:37:55 AM GMT+5,18-24,Female,Undergraduate,Student,3,5,2,1,5,3,4,4,3,4,4,2,3,2,2,5,4,1,5,1,1,4,5,5
2024/12/16 09:46:37 PM GMT+5,35-44,Male,Graduate,Employed Part-Time,4,4,2,4,3,4,2,5,5,5,4,3,2,4,5,1,3,5,3,3,4,4,4,1
2024/12/27 09:13:14 AM GMT+5,18-24,Male,Undergraduate,Student,5,2,5,2,2,2,3,3,3,4,1,5,5,5,5,2,4,5,4,1,2,2,5,4
2025/02/03 09:50:20 AM GMT+5,25-34,Female,Graduate,Employed Part-Time,1,4,5,3,4,3,1,4,2,2,2,2,2,2,2,1,4,4,2,3,5,3,5,4
2025/01/09 10:14:55 PM GMT+5,18-24,Male,Undergraduate,Employed Part-Time,4,3,4,5,1,4,5,2,3,1,1,3,2,4,4,2,4,5,3,4,4,2,5,3
2024/12/26 09:38:58 PM GMT+5,25-34,Male,Intermediate,Employed Full Time,4,2,5,3,1,3,2,4,4,2,5,5,4,4,1,4,1,2,5,3,4,4,3,2
2025/02/03 06:18:41 PM GMT+5,18-24,Female,Intermediate,Student,2,5,1,2,4,3,5,4,1,4,1,5,5,3,2,3,5,1,3,2,3,1,1,3
2025/01/02 04:32:10 AM GMT+5,45 and above,Female,Undergraduate,Student,2,5,3,5,2,1,2,4,1,1,5,4,5,5,3,1,5,3,2,2,5,3,1,1
2024/12/30 01:52:03 AM GMT+5,25-34,Female,Intermediate,Student,3,3,3,5,1,3,3,3,4,5,2,5,2,1,3,4,3,2,3,3,3,5,5,1
2024/12/20 11:25:25 AM GMT+5,18-24,Female,Graduate,Student,3,3,3,5,2,2,5,2,2,2,5,3,5,4,5,3,2,2,5,5,1,5,4,3
2025/01/28 05:06:38 AM GMT+5,45 and above,Female,Doctorate,Student,1,2,3,3,2,3,4,2,4,4,5,4,3,2,3,4,1,4,1,1,4,2,2,4
2025/01/10 06:41:27 PM GMT+5,45 and above,Female,Doctorate,Employed Part-Time,5,5,3,1,3,3,1,4,4,3,4,4,5,4,1,3,1,4,5,4,4,3,4,4
2025/01/30 10:22:47 AM GMT+5,18-24,Female,Graduate,Student,3,1,1,5,3,2,1,5,3,2,2,3,2,5,3,2,4,4,4,1,5,3,3,3
2025/01/11 03:52:08 PM GMT+5,25-34,Female,Graduate,Employed Full Time,3,4,1,2,2,4,5,3,1,5,5,1,5,4,1,4,5,3,4,1,4,4,3,1
2025/02/04 03:59:19 AM GMT+5,35-44,Male,Intermediate,Student,1,5,2,1,3,4,2,3,1,2,5,4,2,5,5,3,1,2,3,5,4,5,2,4
2025/02/02 12:23:49 PM GMT+5,45 and above,Male,Graduate,Employed Part-Time,1,3,4,5,1,1,2,3,1,2,2,4,5,4,5,5,4,5,5,2,4,1,4,3
2025/01/27 10:51:20 AM GMT+5,45 and above,Male,Doctorate,Employed Full Time,2,3,5,1,3,4,1,4,5,2,2,2,3,5,2,2,4,3,2,3,4,3,5,5
2025/01/29 12:31:04 AM GMT+5,18-24,Female,Undergraduate,Student,1,5,4,1,1,1,5,2,1,2,2,5,3,1,1,1,2,5,3,2,1,3,3,2
2025/01/22 03:02:52 AM GMT+5,25-34,Female,Doctorate,Student,1,4,3,1,5,5,3,3,4,5,4,4,5,3,1,3,2,2,2,2,4,5,1,4
2025/01/30 02:21:00 PM GMT+5,45 and above,Female,Graduate,Student,1,5,4,3,4,3,4,1,2,3,4,2,2,2,3,4,2,5,1,5,4,1,4,3
2025/01/23 01:10:58 PM GMT+5,18-24,Male,Graduate,Employed Full Time,2,1,3,2,4,5,1,2,3,1,4,4,1,5,3,4,3,1,4,5,5,1,4,5
2025/01/06 12:36:18 AM GMT+5,18-24,Female,Undergraduate,Employed Full Time,3,5,2,5,2,1,4,5,1,4,5,3,5,1,1,4,3,3,5,3,5,4,3,4
2025/01/16 09:35:30 AM GMT+5,35-44,Female,Doctorate,Student,1,4,5,3,1,3,3,5,2,4,4,5,1,2,3,3,4,3,1,5,2,3,2,5
2024/12/28 02:19:36 PM GMT+5,45 and above,Female,Doctorate,Employed Full Time,4,5,4,2,3,5,1,5,4,3,4,1,3,2,3,5,4,5,2,5,2,1,3,5
2025/01/19 08:53:11 AM GMT+5,35-44,Female,Graduate,Employed Full Time,2,1,5,4,3,1,2,3,1,1,1,3,4,3,5,1,5,1,1,2,5,1,4,3
2025/02/04 02:28:14 PM GMT+5,18-24,Female,Intermediate,Employed Full Time,1,2,1,1,2,3,3,4,5,3,5,5,3,2,1,2,3,2,1,1,2,1,3,2
2025/01/22 01:01:31 AM GMT+5,35-44,Female,Undergraduate,Employed Part-Time,1,2,3,4,1,4,2,1,5,2,2,3,3,1,1,4,5,5,3,4,1,4,4,3
2025/01/05 06:20:16 PM GMT+5,35-44,Male,Doctorate,Student,3,5,2,3,2,3,3,3,5,1,3,5,1,2,2,5,5,3,1,4,4,5,3,3
2025/01/02 01:47:47 AM GMT+5,18-24,Male,Undergraduate,Employed Part-Time,4,1,4,3,4,3,1,3,5,4,4,5,4,1,4,3,1,5,1,2,5,5,1,2
2025/01/22 08:10:56 AM GMT+5,25-34,Female,Intermediate,Employed Full Time,5,5,3,2,2,4,2,3,4,2,2,3,3,1,5,5,5,3,4,1,2,2,5,5
2025/01/03 06:23:42 PM GMT+5,35-44,Male,Graduate,Employed Part-Time,2,2,4,1,2,5,5,4,5,5,1,2,2,4,4,4,2,2,3,2,4,5,4,4
2025/01/19 12:58:27 AM GMT+5,35-44,Male,Graduate,Employed Full Time,3,5,3,5,5,1,3,5,2,3,1,4,5,1,2,1,5,4,2,4,2,3,5,4
2025/01/07 12:02:13 AM GMT+5,25-34,Male,Doctorate,Employed Full Time,1,4,5,5,1,5,1,5,5,5,2,5,3,1,5,4,1,5,5,4,3,5,5,4
2025/01/29 07:04:24 AM GMT+5,35-44,Male,Graduate,Employed Part-Time,1,2,1,2,4,5,3,1,5,3,3,1,3,1,2,1,4,3,4,1,2,2,2,5
2025/01/27 11:52:11 AM GMT+5,35-44,Female,Undergraduate,Employed Part-Time,2,2,1,4,4,2,5,3,2,2,3,2,3,4,4,4,1,5,1,5,1,3,2,5
2025/01/23 05:19:12 AM GMT+5,25-34,Male,Intermediate,Student,1,5,5,4,3,4,2,3,1,2,3,5,2,3,1,2,5,1,5,2,5,2,4,4
2025/02/01 12:25:58 PM GMT+5,35-44,Female,Intermediate,Employed Part-Time,5,4,2,5,4,2,4,2,1,4,2,3,4,5,5,2,2,3,3,4,4,5,3,5
2025/01/10 10:56:46 AM GMT+5,45 and above,Male,Graduate,Employed Full Time,2,5,2,3,1,1,5,5,5,3,3,3,5,2,1,1,4,2,2,4,3,2,5,4
2025/01/22 12:05:15 AM GMT+5,45 and above,Female,Graduate,Employed Full Time,2,5,4,3,3,5,1,4,2,1,3,5,5,1,4,5,1,1,1,3,2,3,5,1
2025/01/05 08:29:26 PM GMT+5,35-44,Male,Graduate,Employed Full Time,3,3,3,3,4,4,1,5,3,2,4,1,4,3,3,5,1,4,3,3,2,3,4,1
2025/01/15 10:22:55 AM GMT+5,45 and above,Male,Doctorate,Employed Full Time,3,1,3,1,2,5,2,4,2,5,1,5,4,3,3,4,2,1,3,2,4,2,1,5
2024/12/25 11:47:18 AM GMT+5,45 and above,Female,Doctorate,Employed Full Time,4,3,4,1,2,5,2,1,1,4,2,5,5,1,3,3,2,2,3,3,2,2,4,2
2024/12/15 12:45:44 AM GMT+5,35-44,Female,Graduate,Employed Part-Time,3,5,3,2,5,1,1,3,4,3,1,5,4,3,1,1,5,1,2,1,1,2,3,1
2025/01/21 03:55:37 PM GMT+5,25-34,Male,Undergraduate,Employed Full Time,3,4,4,1,5,3,5,3,3,4,2,5,1,4,2,3,5,5,2,2,3,3,1,2
2025/01/09 08:45:32 AM GMT+5,25-34,Female,Doctorate,Student,5,2,4,5,5,5,4,2,1,1,4,5,3,5,3,3,3,2,5,4,5,1,1,5
2025/01/29 02:13:53 AM GMT+5,25-34,Male,Intermediate,Student,2,1,2,5,2,3,1,4,2,1,2,5,1,5,3,2,4,5,5,3,2,4,1,2
2024/12/26 01:49:07 PM GMT+5,45 and above,Female,Undergraduate,Employed Full Time,1,3,5,4,5,1,1,4,5,2,5,5,2,3,2,5,5,2,2,4,4,4,4,1
2025/01/14 08:20:02 AM GMT+5,18-24,Female,Graduate,Student,3,5,1,2,2,2,5,2,4,4,5,2,5,5,4,4,3,4,3,1,3,2,2,3
2025/01/03 11:51:33 PM GMT+5,18-24,Male,Doctorate,Employed Part-Time,5,4,4,1,1,2,5,1,5,3,5,1,1,4,2,2,4,1,1,5,2,3,3,5
2025/01/15 02:29:29 PM GMT+5,35-44,Female,Graduate,Employed Full Time,2,1,1,1,1,1,1,1,4,4,3,5,3,3,1,1,2,4,4,1,3,2,3,5
2024/12/25 06:13:33 AM GMT+5,35-44,Male,Graduate,Employed Full Time,2,1,3,2,1,4,4,3,1,1,4,1,1,2,3,1,1,5,4,3,1,2,3,4
2024/12/17 06:37:24 AM GMT+5,45 and above,Female,Undergraduate,Employed Part-Time,4,1,3,5,4,2,2,3,5,2,3,1,2,2,2,5,3,5,2,1,2,4,3,1
2024/12/29 04:09:45 PM GMT+5,18-24,Female,Graduate,Employed Part-Time,2,2,3,5,2,2,5,1,3,3,2,2,1,2,3,3,5,3,1,2,1,3,4,1
2024/12/28 11:04:31 AM GMT+5,18-24,Male,Doctorate,Employed Full Time,2,3,4,4,1,1,2,1,2,4,4,5,4,4,2,1,4,4,4,1,2,3,1,4
2025/01/23 11:13:10 PM GMT+5,25-34,Male,Undergraduate,Employed Full Time,5,2,4,3,3,5,5,5,3,3,1,5,4,5,5,2,1,1,5,1,5,1,1,4
2025/01/16 04:35:26 PM GMT+5,18-24,Male,Doctorate,Employed Full Time,5,3,1,2,3,5,4,3,3,3,3,3,1,2,2,1,3,5,4,4,3,4,3,2
2025/01/28 12:37:13 PM GMT+5,35-44,Female,Intermediate,Student,1,3,4,2,1,4,1,4,3,5,5,4,3,5,2,2,1,1,2,3,4,4,2,4
2024/12/23 06:25:25 AM GMT+5,18-24,Female,Graduate,Employed Part-Time,4,4,2,4,2,2,2,1,2,1,5,3,4,2,4,1,4,3,5,4,2,4,5,2
2025/01/05 04:07:02 AM GMT+5,25-34,Male,Graduate,Student,5,4,2,2,3,5,4,2,4,3,2,1,5,3,5,4,1,3,4,4,2,4,1,1
2025/01/25 09:21:01 PM GMT+5,18-24,Female,Intermediate,Employed Full Time,3,5,5,3,1,4,2,3,4,3,2,2,1,5,1,1,5,2,3,2,4,4,5,3
2024/12/22 06:08:27 AM GMT+5,25-34,Male,Doctorate,Employed Part-Time,3,1,1,4,1,3,5,3,1,2,5,5,3,1,4,1,4,1,5,4,1,3,1,3
2025/01/01 03:00:39 PM GMT+5,25-34,Male,Graduate,Student,3,5,1,1,5,5,5,2,4,1,1,5,5,4,1,2,2,5,1,3,5,4,4,4
2024/12/20 12:41:42 AM GMT+5,18-24,Female,Undergraduate,Student,3,5,1,5,3,4,2,3,3,1,5,2,5,1,5,4,3,3,5,5,4,1,4,1
2025/02/02 08:11:49 PM GMT+5,18-24,Male,Undergraduate,Employed Full Time,5,4,4,2,2,4,5,5,5,4,3,2,2,4,3,1,4,4,1,4,5,2,4,3
2025/01/03 02:49:52 PM GMT+5,18-24,Female,Undergraduate,Employed Part-Time,3,1,1,5,3,1,2,1,4,5,4,4,2,5,5,4,3,2,4,1,5,5,3,2
2025/01/03 04:46:13 PM GMT+5,35-44,Female,Graduate,Employed Full Time,4,1,1,3,5,4,2,1,5,3,1,2,1,4,4,4,2,2,2,4,4,3,1,5
2024/12/17 05:49:42 PM GMT+5,35-44,Male,Intermediate,Employed Part-Time,2,4,5,2,1,4,3,5,5,5,2,5,4,4,3,2,4,4,4,2,3,3,2,5
2025/01/10 12:03:30 PM GMT+5,18-24,Male,Doctorate,Student,5,2,2,4,2,1,4,1,4,5,2,5,5,5,2,4,4,2,2,2,2,1,2,5
2025/01/14 07:17:34 AM GMT+5,35-44,Male,Intermediate,Employed Part-Time,3,3,5,3,1,1,1,5,2,1,3,3,5,3,4,2,4,1,5,1,1,2,2,4
2025/01/16 11:42:56 PM GMT+5,18-24,Female,Intermediate,Employed Part-Time,1,1,5,2,5,2,1,3,5,5,1,5,4,3,1,3,2,5,1,4,1,4,2,1
2025/01/10 02:43:14 PM GMT+5,25-34,Male,Intermediate,Employed Part-Time,1,1,1,3,3,1,1,3,1,2,2,4,3,1,2,1,1,3,1,5,1,4,4,3
2024/12/21 02:00:34 PM GMT+5,45 and above,Female,Undergraduate,Employed Part-Time,3,5,2,5,5,4,5,5,4,2,5,4,5,2,3,3,2,5,1,3,2,3,1,5
2024/12/28 11:34:08 AM GMT+5,25-34,Female,Intermediate,Employed Full Time,1,4,4,4,3,4,3,1,2,1,5,4,2,4,4,5,3,3,5,3,4,1,4,3
2025/01/10 04:03:19 PM GMT+5,25-34,Male,Doctorate,Student,2,1,1,4,2,2,2,5,4,5,1,5,4,5,2,2,2,1,4,1,1,5,5,2
2024/12/28 05:15:11 PM GMT+5,25-34,Male,Intermediate,Employed Full Time,3,4,2,2,3,1,1,2,2,3,1,3,3,3,1,2,4,4,1,1,1,4,4,2
2025/01/05 03:52:20 AM GMT+5,35-44,Female,Graduate,Student,5,3,2,3,2,5,2,5,1,3,3,2,2,4,3,1,2,4,2,1,3,1,2,5
2025/01/12 03:43:32 PM GMT+5,18-24,Female,Doctorate,Employed Part-Time,3,3,5,2,5,1,3,5,5,5,4,4,3,4,4,5,1,3,5,3,5,5,4,5
2024/12/25 02:19:06 PM GMT+5,18-24,Male,Graduate,Employed Part-Time,2,1,4,3,1,2,5,4,2,1,1,2,4,1,3,3,4,3,4,1,5,2,4,2
2025/01/11 10:02:12 AM GMT+5,18-24,Female,Doctorate,Student,5,2,5,5,1,2,5,4,1,2,3,5,1,5,4,5,3,4,4,1,1,5,1,2
2025/01/17 12:07:02 AM GMT+5,35-44,Female,Doctorate,Student,1,3,2,4,2,2,1,4,1,3,2,4,4,3,3,5,2,3,3,5,1,1,2,5
2025/01/03 12:01:58 AM GMT+5,18-24,Female,Intermediate,Employed Full Time,3,5,1,2,1,1,3,5,4,3,5,5,1,2,2,5,1,2,3,4,2,2,3,2
2024/12/23 03:31:51 PM GMT+5,35-44,Female,Undergraduate,Employed Full Time,2,1,1,3,4,4,3,1,4,1,2,5,3,5,2,5,3,1,4,5,5,1,1,1
2025/01/17 11:24:02 PM GMT+5,45 and above,Female,Graduate,Employed Part-Time,4,2,2,3,4,4,4,5,4,4,4,1,4,5,5,1,3,3,4,4,4,5,3,4
2025/01/25 07:29:29 PM GMT+5,18-24,Male,Graduate,Student,5,1,2,5,1,5,3,4,5,1,5,1,5,5,5,1,4,3,5,4,5,4,2,1
2024/12/31 11:00:54 AM GMT+5,25-34,Male,Doctorate,Employed Part-Time,3,3,5,3,3,2,4,2,3,2,3,5,3,4,4,5,3,2,1,1,3,2,2,5
2024/12/16 08:24:11 AM GMT+5,18-24,Male,Undergraduate,Student,3,4,4,2,5,1,2,4,1,1,3,5,4,5,1,1,5,3,1,1,1,2,4,1
2025/01/08 06:19:18 PM GMT+5,35-44,Female,Doctorate,Employed Full Time,4,5,1,2,3,5,3,2,5,3,5,2,3,2,5,1,3,1,5,1,1,1,1,4
2025/01/06 02:07:39 PM GMT+5,18-24,Female,Graduate,Student,3,2,2,1,4,2,2,2,5,4,2,4,1,2,4,5,4,3,4,5,5,4,2,3
2025/01/18 05:07:08 AM GMT+5,35-44,Female,Undergraduate,Employed Full Time,2,3,3,3,2,3,2,5,1,4,1,3,4,3,1,4,4,5,2,1,3,2,3,5
2025/01/31 03:22:49 PM GMT+5,25-34,Male,Undergraduate,Student,5,3,2,2,4,4,3,3,3,3,3,3,1,4,4,1,4,4,3,1,1,1,2,3
2025/01/09 07:20:29 PM GMT+5,25-34,Male,Graduate,Student,3,3,2,1,4,4,5,5,3,1,2,4,3,4,1,2,4,5,2,3,5,4,1,2
2024/12/15 10:31:49 AM GMT+5,18-24,Female,Doctorate,Employed Part-Time,4,3,1,4,2,5,3,3,1,1,5,4,2,1,4,1,5,1,1,3,3,5,3,2
2025/01/20 06:23:53 PM GMT+5,25-34,Female,Undergraduate,Employed Part-Time,3,1,1,3,3,1,1,2,5,3,5,4,1,4,1,3,3,1,1,5,1,4,4,4
2025/01/29 03:41:01 AM GMT+5,45 and above,Male,Undergraduate,Employed Part-Time,5,1,1,3,1,5,4,5,3,1,5,5,4,2,2,2,2,4,2,4,1,4,1,4
2025/01/02 04:13:55 PM GMT+5,45 and above,Male,Intermediate,Employed Part-Time,5,2,1,3,2,2,3,2,2,3,3,2,1,3,2,1,3,2,3,5,4,4,3,5
2025/01/13 01:22:06 PM GMT+5,18-24,Female,Undergraduate,Employed Part-Time,5,5,4,2,3,2,2,4,1,1,3,5,4,4,5,1,4,3,5,4,3,4,1,2
2024/12/24 03:42:15 PM GMT+5,45 and above,Female,Doctorate,Employed Full Time,4,3,4,1,2,3,1,1,5,3,3,2,5,4,4,2,1,5,5,3,1,2,3,2
2025/01/16 02:18:43 AM GMT+5,45 and above,Male,Intermediate,Employed Full Time,1,5,5,4,4,5,2,5,5,1,3,5,5,3,4,3,2,3,5,2,2,3,4,5
2025/01/02 03:02:00 AM GMT+5,18-24,Male,Graduate,Student,3,4,2,1,2,5,2,5,1,4,2,2,3,2,5,5,3,2,1,1,4,5,2,2
2025/02/02 11:17:26 AM GMT+5,25-34,Male,Doctorate,Student,1,1,3,2,3,1,2,3,4,3,4,2,2,5,5,5,5,3,4,5,1,2,4,5
2025/01/26 09:17:01 PM GMT+5,45 and above,Female,Graduate,Employed Part-Time,3,3,1,5,2,5,1,4,3,2,1,1,3,2,4,3,4,4,4,3,4,4,3,5
2025/01/22 06:11:35 AM GMT+5,35-44,Male,Intermediate,Employed Part-Time,2,5,4,3,4,4,3,1,5,1,3,1,2,4,1,5,4,3,5,4,5,2,3,5
2024/12/27 12:59:39 PM GMT+5,18-24,Male,Graduate,Employed Part-Time,1,3,4,2,2,1,2,1,5,4,5,5,1,5,3,4,2,3,1,1,4,1,5,2
2025/02/04 08:38:53 AM GMT+5,25-34,Male,Graduate,Employed Full Time,5,2,4,3,3,4,3,5,4,3,4,3,1,1,5,5,5,4,3,4,2,4,1,1
2025/01/08 12:06:06 PM GMT+5,35-44,Male,Undergraduate,Employed Full Time,5,2,4,5,1,4,5,5,3,2,4,4,2,5,4,5,2,1,1,2,5,3,1,3
2025/01/13 07:15:35 AM GMT+5,35-44,Female,Graduate,Employed Part-Time,5,3,3,4,1,5,1,5,3,1,5,5,1,3,5,4,4,2,5,3,3,1,3,5
2024/12/26 07:20:03 PM GMT+5,35-44,Male,Doctorate,Employed Part-Time,2,2,4,5,1,2,5,1,3,1,1,1,1,2,1,1,5,1,4,2,5,4,3,1
2025/01/12 11:47:34 AM GMT+5,25-34,Female,Doctorate,Student,4,2,5,1,1,1,2,1,5,1,4,5,4,3,5,2,5,4,3,5,1,5,4,1
2025/01/21 09:25:25 AM GMT+5,35-44,Male,Doctorate,Student,2,4,2,3,3,5,1,1,2,3,2,1,5,4,5,3,3,1,5,3,3,1,4,1
2025/01/20 09:53:57 AM GMT+5,45 and above,Male,Intermediate,Employed Part-Time,3,2,3,1,2,5,4,4,5,3,4,5,4,3,5,4,5,2,4,2,5,3,4,1
2025/01/23 03:56:09 AM GMT+5,45 and above,Female,Graduate,Employed Part-Time,2,1,3,2,4,4,4,1,5,4,3,4,3,1,3,5,4,3,5,2,3,2,2,4
2025/02/04 01:09:59 AM GMT+5,35-44,Female,Undergraduate,Employed Part-Time,3,1,5,1,1,3,4,3,2,4,2,4,1,3,4,3,1,1,4,5,2,1,3,3
2024/12/17 03:18:14 AM GMT+5,45 and above,Female,Undergraduate,Student,5,2,2,2,5,2,4,4,3,3,4,2,3,5,4,2,3,1,4,3,5,1,2,5
2025/01/30 11:56:58 PM GMT+5,45 and above,Female,Doctorate,Student,5,2,5,4,2,3,4,1,4,4,2,3,5,3,3,4,5,3,4,3,2,2,3,5
2025/01/10 01:44:25 AM GMT+5,35-44,Male,Undergraduate,Employed Part-Time,4,2,5,4,1,4,4,2,4,1,2,2,5,2,2,3,5,3,3,5,2,1,5,2
2025/01/14 03:39:55 PM GMT+5,18-24,Female,Doctorate,Employed Full Time,5,4,1,5,4,1,5,5,2,3,2,4,2,1,4,1,3,3,5,3,3,3,2,1
2024/12/31 06:42:15 AM GMT+5,45 and above,Male,Undergraduate,Employed Part-Time,5,3,1,5,3,4,4,4,5,3,1,2,4,1,5,4,3,5,2,5,2,5,3,1
2024/12/22 05:59:51 PM GMT+5,18-24,Female,Graduate,Employed Full Time,3,5,1,2,4,3,5,1,4,5,4,4,3,1,2,2,5,3,2,1,5,3,3,4
2025/01/03 02:00:02 AM GMT+5,18-24,Female,Doctorate,Employed Full Time,3,4,3,5,5,3,3,1,1,2,3,2,4,5,5,3,3,2,1,1,1,4,4,2
2025/01/04 05:37:41 PM GMT+5,25-34,Male,Graduate,Employed Full Time,5,5,3,2,2,5,4,3,3,1,5,1,1,1,3,3,2,2,5,1,2,1,3,1
2025/01/21 07:30:02 PM GMT+5,45 and above,Female,Intermediate,Student,3,4,3,1,4,1,2,2,1,1,2,3,5,1,3,2,2,2,2,1,1,5,2,2
2025/01/12 05:06:57 AM GMT+5,35-44,Male,Graduate,Employed Full Time,2,1,3,2,3,2,3,1,1,1,3,1,1,4,2,5,3,4,4,5,2,1,4,1
2025/01/07 03:30:47 AM GMT+5,25-34,Male,Undergraduate,Student,5,3,5,2,1,4,2,3,1,1,1,3,3,5,3,3,3,5,1,3,3,3,2,4
2024/12/15 05:14:31 AM GMT+5,35-44,Female,Doctorate,Employed Full Time,2,3,3,2,4,5,5,5,2,5,1,3,5,1,2,3,2,4,2,2,2,1,1,3
2025/02/02 05:42:32 AM GMT+5,35-44,Female,Doctorate,Student,2,1,2,4,1,2,1,1,4,5,5,3,5,2,2,3,5,3,4,5,5,3,1,2
2025/01/04 05:13:01 AM GMT+5,18-24,Female,Undergraduate,Employed Full Time,4,1,1,2,3,2,4,3,2,3,5,2,1,5,4,3,2,3,2,3,4,4,4,4
2024/12/14 11:53:36 PM GMT+5,25-34,Female,Undergraduate,Student,1,5,4,3,3,3,5,4,2,2,4,2,2,3,1,2,5,4,2,4,5,2,2,3
2025/01/21 11:43:05 AM GMT+5,18-24,Male,Undergraduate,Employed Part-Time,2,1,4,4,4,4,4,5,1,5,2,2,1,4,2,3,3,5,5,4,4,5,3,2
2024/12/31 09:33:26 PM GMT+5,45 and above,Male,Doctorate,Employed Part-Time,1,5,2,5,5,2,4,2,4,1,1,2,5,5,1,1,2,3,3,1,4,1,4,1
2025/01/02 09:33:54 PM GMT+5,18-24,Male,Graduate,Student,2,4,2,1,1,4,1,4,4,3,1,4,1,5,3,5,2,5,2,3,5,2,2,3
2025/01/11 06:03:13 PM GMT+5,35-44,Male,Doctorate,Student,3,2,5,4,4,4,4,3,1,2,4,3,3,2,1,1,1,5,4,4,2,3,3,4
2025/01/26 03:27:09 PM GMT+5,18-24,Male,Undergraduate,Employed Full Time,3,4,3,3,3,2,2,5,4,3,2,1,3,3,5,4,1,5,1,1,2,3,3,4
2025/01/16 08:31:11 PM GMT+5,35-44,Female,Doctorate,Student,4,1,5,2,5,5,5,4,4,2,3,1,2,4,1,1,1,2,3,1,1,4,3,2
2025/02/04 12:12:16 AM GMT+5,18-24,Male,Doctorate,Employed Full Time,2,3,5,4,3,2,2,2,4,5,3,1,2,5,5,5,2,5,4,1,3,4,4,3
2025/01/07 04:00:42 PM GMT+5,18-24,Male,Intermediate,Student,4,1,2,1,3,2,4,5,2,4,5,5,4,2,2,5,2,4,3,2,5,3,3,5
2025/01/12 05:50:24 AM GMT+5,35-44,Female,Intermediate,Student,5,1,1,5,1,5,5,1,2,1,1,1,5,2,1,1,5,3,3,5,3,1,4,2
2025/01/29 06:59:08 PM GMT+5,35-44,Female,Doctorate,Employed Full Time,3,4,3,2,4,1,5,4,4,1,3,1,2,1,4,2,3,5,4,2,5,5,5,2
2025/01/24 12:14:04 PM GMT+5,25-34,Female,Undergraduate,Student,1,4,5,1,5,3,3,1,1,3,1,5,4,2,1,1,2,4,3,3,4,4,4,3
2025/01/19 09:55:00 AM GMT+5,45 and above,Male,Doctorate,Student,3,5,5,2,4,2,5,5,2,5,1,2,5,3,1,1,3,1,5,5,5,4,1,3
2025/01/29 12:28:21 PM GMT+5,18-24,Male,Graduate,Student,4,1,3,1,2,4,2,3,4,2,2,2,2,2,4,2,5,4,1,2,1,5,5,3
2024/12/16 12:46:14 AM GMT+5,25-34,Female,Graduate,Employed Part-Time,3,1,2,5,1,2,2,3,5,2,1,4,5,2,1,2,2,4,2,1,3,1,1,3
2025/01/27 10:57:03 PM GMT+5,25-34,Male,Undergraduate,Student,2,5,3,1,5,1,2,1,3,1,2,3,5,4,3,4,4,4,1,1,2,3,3,1
2025/01/12 01:03:45 AM GMT+5,18-24,Male,Intermediate,Employed Full Time,2,1,2,4,4,4,4,1,4,4,2,1,3,4,4,3,3,1,2,5,1,4,3,2
2025/01/20 02:51:30 AM GMT+5,35-44,Female,Undergraduate,Employed Full Time,1,5,1,4,2,3,2,2,2,1,1,5,1,3,5,5,2,2,3,5,4,5,1,5
2025/01/02 06:37:50 AM GMT+5,18-24,Female,Doctorate,Employed Part-Time,1,1,3,4,2,3,2,5,5,3,4,3,3,3,2,2,1,3,1,2,3,3,3,2
2025/01/25 06:30:40 PM GMT+5,35-44,Male,Undergraduate,Employed Full Time,1,2,5,4,1,4,1,2,2,1,5,4,2,2,2,1,5,4,2,4,1,2,2,5
2025/01/28 08:36:17 AM GMT+5,35-44,Female,Intermediate,Employed Part-Time,1,2,5,3,5,1,3,2,3,4,3,3,1,5,1,2,2,4,2,5,5,2,2,4
2025/01/23 08:21:27 PM GMT+5,35-44,Male,Graduate,Student,2,3,3,5,4,1,3,2,5,1,5,1,1,3,2,5,4,5,3,4,5,4,5,5
2024/12/17 01:16:00 AM GMT+5,45 and above,Male,Graduate,Student,4,5,5,3,1,5,3,2,2,3,5,1,5,2,1,4,3,5,2,3,5,2,5,3
2024/12/23 10:43:09 AM GMT+5,18-24,Female,Intermediate,Employed Full Time,1,5,3,2,4,3,1,1,1,2,4,4,2,4,3,2,1,2,4,5,3,1,2,2
2024/12/22 01:53:24 PM GMT+5,45 and above,Female,Undergraduate,Employed Full Time,3,2,4,3,1,2,5,1,2,5,1,3,3,2,5,2,5,4,4,2,2,4,3,2
2025/01/08 05:29:30 AM GMT+5,25-34,Female,Doctorate,Employed Full Time,5,5,2,3,2,4,4,2,4,3,2,3,4,5,1,2,4,2,2,1,5,5,5,1
2025/01/17 06:42:47 AM GMT+5,45 and above,Male,Intermediate,Employed Part-Time,4,4,4,3,2,4,1,5,2,5,1,3,1,3,1,1,1,2,2,5,5,5,4,4
2024/12/22 02:25:36 AM GMT+5,25-34,Female,Doctorate,Employed Part-Time,5,4,1,2,2,1,1,2,2,4,2,1,5,2,1,4,1,1,4,5,5,5,2,2
2025/01/29 01:49:25 PM GMT+5,35-44,Female,Undergraduate,Student,1,5,5,2,2,5,2,5,2,2,2,4,5,4,5,3,4,2,3,5,5,1,1,5
2025/01/29 07:39:09 AM GMT+5,25-34,Female,Graduate,Student,4,1,3,1,1,2,2,5,2,1,3,5,3,3,2,2,1,1,1,4,3,2,3,1
2025/01/04 08:21:57 PM GMT+5,35-44,Female,Doctorate,Employed Full Time,5,2,5,4,1,1,5,1,4,3,5,1,1,4,4,4,4,5,3,1,2,1,4,2
2025/01/14 12:56:37 PM GMT+5,18-24,Female,Doctorate,Employed Part-Time,3,1,1,3,1,1,4,3,4,3,2,3,4,4,1,1,2,2,4,4,3,1,2,4
2025/01/05 11:09:51 PM GMT+5,35-44,Female,Undergraduate,Employed Part-Time,1,2,5,3,4,5,5,1,5,5,3,4,1,2,4,3,2,1,3,1,3,2,2,2
2025/01/04 07:02:45 PM GMT+5,18-24,Male,Doctorate,Employed Full Time,4,2,5,1,3,4,2,3,3,3,1,2,5,2,2,1,3,5,3,2,1,1,5,5
2025/01/11 12:13:39 PM GMT+5,25-34,Female,Intermediate,Student,3,5,2,4,1,1,1,3,2,3,1,5,1,1,5,3,3,1,3,5,3,3,3,5
2025/01/30 12:25:53 PM GMT+5,45 and above,Female,Intermediate,Employed Full Time,1,5,5,5,4,1,5,4,3,4,1,5,1,4,3,5,1,2,4,5,1,4,4,5
2024/12/19 10:24:32 AM GMT+5,45 and above,Female,Graduate,Employed Part-Time,1,4,3,5,1,3,4,4,3,4,4,3,5,1,3,5,1,1,4,3,2,1,5,1
2024/12/18 04:42:54 AM GMT+5,45 and above,Male,Intermediate,Student,5,2,5,4,3,3,3,5,4,4,3,4,3,1,4,2,1,2,4,2,4,4,4,1
2024/12/17 03:27:44 PM GMT+5,25-34,Female,Doctorate,Employed Part-Time,3,2,2,2,2,1,3,1,5,2,1,5,5,1,1,1,5,1,1,5,3,4,1,5
2025/02/01 08:36:23 PM GMT+5,35-44,Female,Undergraduate,Employed Part-Time,1,5,4,5,2,2,2,1,3,3,1,3,4,4,1,3,2,1,1,2,4,1,4,2
2025/01/02 08:03:45 PM GMT+5,18-24,Male,Intermediate,Employed Part-Time,4,1,3,1,5,4,5,5,3,1,2,4,2,1,4,3,2,2,5,5,1,1,2,5
2024/12/20 09:11:40 AM GMT+5,35-44,Female,Doctorate,Employed Part-Time,1,1,1,5,3,5,3,2,1,2,1,3,4,1,3,2,3,1,1,4,3,4,4,1
2025/02/02 11:59:49 PM GMT+5,35-44,Male,Undergraduate,Employed Part-Time,4,2,5,5,5,3,5,3,5,1,5,5,5,3,5,3,2,5,5,5,3,5,1,4
2024/12/24 08:08:38 AM GMT+5,25-34,Male,Intermediate,Student,2,4,2,1,3,1,2,2,2,1,4,2,2,2,4,1,3,2,1,1,2,4,5,1
2025/01/30 06:47:19 PM GMT+5,45 and above,Female,Intermediate,Employed Part-Time,4,3,3,5,3,2,4,1,4,4,5,5,3,3,1,3,3,1,5,5,3,1,3,5
2025/01/22 11:41:51 PM GMT+5,45 and above,Male,Doctorate,Employed Part-Time,5,3,5,1,1,1,4,4,3,4,3,2,1,4,1,4,5,1,3,1,5,2,1,1
2025/01/18 05:47:39 AM GMT+5,45 and above,Female,Undergraduate,Employed Part-Time,4,1,3,1,1,3,2,5,3,1,3,1,3,5,3,2,2,3,3,2,4,3,2,1
2024/12/24 02:29:01 PM GMT+5,45 and above,Female,Doctorate,Employed Full Time,4,4,1,3,1,3,5,2,2,4,1,5,1,1,3,2,3,5,4,4,3,4,3,2
2025/01/24 05:30:05 AM GMT+5,25-34,Male,Undergraduate,Employed Full Time,2,1,4,5,5,4,2,5,1,5,3,5,4,1,5,2,2,3,4,1,4,3,1,3
2025/01/04 01:15:17 PM GMT+5,25-34,Male,Intermediate,Employed Full Time,1,4,5,1,1,3,4,5,2,1,4,1,3,3,3,1,1,5,3,5,4,1,1,1
2025/01/23 11:24:09 PM GMT+5,45 and above,Male,Undergraduate,Student,5,3,3,4,4,1,2,2,1,3,5,4,3,4,1,5,4,4,4,5,3,4,4,1
2024/12/30 11:47:36 PM GMT+5,35-44,Male,Graduate,Employed Full Time,2,1,4,2,3,2,5,1,1,2,5,1,1,5,4,5,2,1,3,3,4,4,1,2
2025/01/16 11:58:12 PM GMT+5,35-44,Male,Doctorate,Employed Part-Time,2,4,2,1,5,3,4,3,4,1,2,3,4,1,5,5,2,1,3,3,3,1,1,1
2025/01/23 10:38:04 PM GMT+5,18-24,Female,Intermediate,Employed Full Time,2,5,3,4,1,1,3,1,2,4,1,1,3,1,2,4,5,4,1,3,4,2,5,4
2024/12/21 01:11:26 PM GMT+5,45 and above,Male,Undergraduate,Student,3,2,2,2,3,5,4,2,5,2,5,4,3,4,1,3,3,2,4,1,4,5,4,2
2024/12/31 03:44:51 AM GMT+5,45 and above,Female,Intermediate,Student,4,4,3,3,1,2,3,5,5,4,4,2,5,1,4,5,1,1,2,4,5,5,4,5
2025/01/15 12:33:25 PM GMT+5,45 and above,Male,Intermediate,Student,5,2,2,4,3,5,3,5,5,5,2,4,1,4,2,2,1,5,5,2,5,3,2,2
2025/01/30 08:00:55 AM GMT+5,35-44,Male,Doctorate,Employed Full Time,1,2,2,1,4,4,2,5,3,4,3,2,4,3,4,2,2,2,5,1,3,2,1,2
2024/12/16 10:19:49 PM GMT+5,45 and above,Male,Undergraduate,Employed Part-Time,1,1,4,3,2,3,4,3,3,3,3,4,2,1,2,4,5,3,5,2,2,4,5,4
2025/01/27 10:49:21 PM GMT+5,18-24,Female,Intermediate,Student,2,3,1,1,2,5,4,2,4,3,1,3,5,3,5,5,2,5,5,2,3,2,5,5
2024/12/24 06:54:09 AM GMT+5,35-44,Female,Graduate,Employed Part-Time,2,5,2,5,5,5,3,1,4,1,2,1,4,5,4,2,3,5,5,4,4,1,2,4
2025/02/02 09:28:46 AM GMT+5,35-44,Female,Doctorate,Employed Full Time,5,4,3,5,1,5,4,4,1,5,3,1,2,3,2,2,2,3,4,2,2,4,3,2
2024/12/29 11:04:53 AM GMT+5,45 and above,Female,Undergraduate,Employed Part-Time,1,3,3,5,2,2,5,3,4,3,4,2,3,5,3,2,5,5,5,2,1,5,4,3
2024/12/15 11:54:16 AM GMT+5,18-24,Male,Doctorate,Employed Part-Time,5,3,1,5,1,2,4,5,4,3,2,4,5,4,1,1,1,3,3,5,1,2,5,1
2024/12/28 11:53:42 PM GMT+5,35-44,Male,Intermediate,Employed Full Time,3,1,1,2,1,4,3,1,3,3,4,2,2,3,4,2,5,1,1,1,5,2,2,1
2025/01/15 01:20:01 AM GMT+5,35-44,Female,Doctorate,Student,1,2,3,2,4,3,3,1,5,2,5,1,1,2,5,3,1,2,4,4,2,5,1,5
2025/01/13 02:40:45 PM GMT+5,35-44,Female,Intermediate,Student,4,5,2,5,5,2,4,3,2,4,4,4,2,1,2,4,2,5,5,1,5,1,5,1
2025/01/15 02:09:41 AM GMT+5,25-34,Female,Doctorate,Student,4,2,2,4,2,1,4,4,3,1,1,2,5,2,5,3,3,3,3,1,4,5,1,1
2024/12/21 03:13:28 PM GMT+5,25-34,Female,Undergraduate,Student,4,2,3,4,3,5,4,1,1,5,1,1,1,1,2,4,1,1,5,2,1,4,5,3
2025/01/29 01:43:23 PM GMT+5,45 and above,Male,Graduate,Student,5,2,1,1,5,3,4,2,3,2,2,2,1,1,5,5,2,2,5,5,5,1,2,3
2025/01/10 11:04:36 PM GMT+5,35-44,Male,Undergraduate,Employed Part-Time,1,5,2,5,2,3,4,5,2,2,4,4,2,3,3,1,3,5,3,1,5,2,2,2
2025/01/01 10:33:53 AM GMT+5,45 and above,Male,Intermediate,Employed Part-Time,4,1,5,3,5,3,1,1,5,1,1,2,5,4,1,1,5,2,4,2,1,2,4,3
2025/01/26 11:45:20 PM GMT+5,18-24,Female,Graduate,Employed Full Time,5,4,2,5,4,2,3,1,1,3,4,4,4,4,2,5,1,4,1,2,3,5,4,2
2024/12/27 12:32:28 AM GMT+5,25-34,Male,Graduate,Student,3,4,5,4,2,5,2,5,1,3,3,1,1,5,5,3,4,4,4,5,4,4,1,4
2024/12/27 10:38:16 PM GMT+5,18-24,Female,Graduate,Employed Part-Time,1,4,1,1,1,3,4,2,5,1,2,4,1,2,1,2,5,5,4,3,5,5,1,2
2025/01/16 04:14:48 PM GMT+5,35-44,Female,Undergraduate,Employed Part-Time,4,5,1,1,1,5,3,4,3,4,3,5,1,5,2,2,3,4,4,5,5,2,5,2
2024/12/30 03:01:49 PM GMT+5,25-34,Male,Undergraduate,Employed Full Time,5,4,4,5,1,3,2,1,4,2,2,3,4,3,5,4,1,4,1,5,1,5,5,5
2025/02/01 08:12:17 AM GMT+5,45 and above,Male,Undergraduate,Employed Full Time,1,2,2,3,5,4,4,4,3,1,2,3,3,3,4,5,3,1,1,4,5,2,5,3
2025/01/06 08:54:14 PM GMT+5,45 and above,Male,Doctorate,Student,5,3,4,3,2,1,5,2,4,2,5,2,3,4,5,5,5,2,4,1,5,5,5,1
2025/01/26 04:14:17 AM GMT+5,45 and above,Female,Graduate,Employed Full Time,5,3,3,4,2,2,2,4,4,2,5,1,2,2,5,2,4,4,2,1,1,4,2,4
2024/12/30 10:25:15 PM GMT+5,18-24,Female,Undergraduate,Student,2,2,2,3,1,5,1,5,4,4,3,5,5,4,3,3,2,3,2,1,5,5,1,5
2024/12/29 09:02:07 AM GMT+5,45 and above,Male,Undergraduate,Student,2,2,3,1,4,1,2,2,1,3,1,2,2,1,3,3,1,4,2,5,4,4,4,4
2025/01/08 01:28:16 AM GMT+5,35-44,Female,Intermediate,Employed Part-Time,5,2,4,3,1,2,1,3,4,4,1,3,1,1,4,4,3,2,3,5,4,3,5,2
2025/01/14 03:18:09 AM GMT+5,25-34,Female,Doctorate,Employed Part-Time,1,4,2,1,3,1,5,4,2,2,2,1,1,2,3,1,5,1,3,2,3,1,4,4
2025/01/10 09:46:48 PM GMT+5,18-24,Female,Doctorate,Student,3,3,3,1,4,2,3,5,4,4,4,2,5,3,1,2,5,2,5,2,1,1,4,2
2025/01/17 01:47:44 PM GMT+5,45 and above,Male,Graduate,Employed Full Time,2,3,2,1,1,5,3,3,5,1,3,5,5,1,1,3,1,3,1,3,2,2,3,2
2025/02/01 05:56:44 PM GMT+5,18-24,Female,Intermediate,Employed Full Time,4,1,4,2,5,1,1,1,5,5,2,4,3,4,1,4,2,5,2,2,2,1,3,4
2025/01/27 01:37:40 PM GMT+5,18-24,Male,Undergraduate,Employed Part-Time,5,2,1,4,5,4,2,1,5,1,2,2,2,1,4,2,4,5,1,2,4,2,4,2
2025/01/17 07:02:16 PM GMT+5,35-44,Female,Intermediate,Employed Part-Time,4,5,3,2,2,2,1,3,2,5,3,3,4,4,4,5,1,3,1,5,3,5,2,3
2024/12/18 02:41:18 AM GMT+5,18-24,Female,Graduate,Student,3,2,5,3,2,2,1,3,1,5,2,2,1,2,5,4,3,3,5,2,1,4,4,2
2024/12/31 10:20:41 AM GMT+5,35-44,Female,Undergraduate,Employed Part-Time,4,5,3,1,3,5,4,3,1,3,4,4,4,2,1,3,5,2,5,2,4,5,4,3
2025/01/25 02:13:40 PM GMT+5,35-44,Female,Intermediate,Student,2,4,5,5,3,3,2,2,3,2,3,3,5,4,5,2,3,3,5,1,4,1,4,4
2025/01/01 09:10:06 PM GMT+5,25-34,Male,Intermediate,Employed Part-Time,3,5,3,1,1,3,1,2,1,4,4,3,1,3,4,5,2,3,1,5,5,1,2,3
2025/02/03 03:56:47 PM GMT+5,35-44,Male,Doctorate,Student,2,1,4,3,5,1,4,4,2,3,1,5,2,3,4,1,5,5,2,4,5,1,4,1
2025/01/08 03:51:32 AM GMT+5,35-44,Male,Undergraduate,Employed Full Time,2,5,4,5,3,3,1,1,3,5,2,4,4,5,3,1,1,4,5,1,4,3,2,5
2024/12/24 12:22:36 PM GMT+5,35-44,Male,Undergraduate,Student,2,4,1,4,4,3,2,4,2,1,2,1,3,4,2,4,4,4,1,5,1,5,4,4
2024/12/19 07:53:03 PM GMT+5,18-24,Male,Intermediate,Employed Part-Time,3,5,4,2,3,2,1,5,5,2,1,3,5,4,2,5,1,2,4,1,2,2,2,4
2025/01/27 10:24:13 PM GMT+5,45 and above,Male,Intermediate,Student,3,2,4,2,4,2,5,4,1,2,1,5,4,5,3,5,5,3,4,5,4,4,1,1
2025/01/22 08:05:16 PM GMT+5,18-24,Male,Doctorate,Employed Part-Time,2,4,3,3,3,4,2,1,1,2,4,5,1,3,5,1,5,1,1,2,3,4,3,1
2025/01/03 06:55:26 PM GMT+5,35-44,Female,Doctorate,Employed Full Time,2,4,2,5,2,4,2,5,5,5,1,3,5,4,1,2,2,3,1,4,1,4,3,2
2024/12/26 10:30:35 AM GMT+5,35-44,Male,Undergraduate,Employed Full Time,5,2,4,2,3,4,1,5,5,4,2,5,3,1,4,1,3,3,5,1,1,2,2,5
2025/01/22 09:07:48 PM GMT+5,45 and above,Male,Intermediate,Employed Full Time,3,3,4,4,5,5,2,5,3,3,5,5,5,3,1,3,2,1,2,1,5,1,2,1
2025/01/01 02:41:14 PM GMT+5,25-34,Male,Undergraduate,Student,3,1,4,4,3,4,1,1,1,2,3,1,4,5,4,2,5,1,4,4,5,3,3,2
2025/01/17 01:42:21 AM GMT+5,25-34,Male,Undergraduate,Student,4,1,5,4,2,4,5,3,1,2,5,4,5,5,2,1,3,5,1,4,1,2,2,4
2024/12/30 07:01:45 PM GMT+5,25-34,Female,Undergraduate,Employed Full Time,1,2,2,3,3,5,5,2,1,1,4,4,1,5,2,4,3,5,1,4,2,4,5,5
2024/12/20 12:34:50 PM GMT+5,45 and above,Male,Undergraduate,Employed Full Time,2,2,4,3,5,2,1,3,3,5,4,4,1,1,2,2,5,3,4,2,5,4,4,4
2025/01/06 08:40:05 AM GMT+5,45 and above,Female,Graduate,Student,5,2,4,5,2,2,2,3,3,2,4,4,4,5,4,1,4,3,3,1,2,4,1,2
2025/01/19 02:25:14 AM GMT+5,35-44,Male,Undergraduate,Employed Part-Time,1,2,2,5,4,2,5,2,2,5,3,2,5,4,2,4,5,3,3,1,5,3,4,3
2025/01/25 11:26:55 PM GMT+5,35-44,Male,Doctorate,Employed Part-Time,1,5,5,2,5,5,2,5,5,2,4,2,1,3,4,4,1,3,4,5,2,2,2,4
2024/12/17 09:33:17 PM GMT+5,45 and above,Female,Intermediate,Employed Full Time,2,1,3,3,1,2,5,1,5,4,2,1,2,5,1,4,5,2,4,4,4,5,4,4
2025/01/31 05:16:53 AM GMT+5,35-44,Female,Intermediate,Employed Full Time,3,4,2,4,4,2,5,5,4,1,4,4,1,5,1,1,1,3,4,2,3,1,2,5
2025/01/15 01:24:37 PM GMT+5,35-44,Female,Undergraduate,Employed Full Time,3,1,5,1,4,2,1,2,2,1,1,5,1,4,4,3,1,2,5,4,5,2,2,2
2024/12/17 08:55:23 PM GMT+5,18-24,Male,Undergraduate,Employed Full Time,5,2,2,4,2,4,2,1,4,5,4,4,5,3,3,2,5,1,3,3,2,3,2,5
2025/01/12 07:07:18 AM GMT+5,45 and above,Male,Intermediate,Student,1,1,2,5,5,5,4,5,3,4,4,3,1,2,4,5,2,4,3,4,2,3,4,2
2024/12/16 09:34:17 AM GMT+5,18-24,Male,Undergraduate,Employed Full Time,3,5,1,5,3,1,1,3,4,2,2,1,2,3,1,3,3,4,1,4,4,2,2,4
2025/01/09 12:40:21 PM GMT+5,35-44,Female,Undergraduate,Student,3,2,5,4,5,2,3,2,3,3,5,1,4,2,1,5,2,1,4,1,3,1,5,3
2025/01/30 10:26:41 PM GMT+5,35-44,Female,Graduate,Student,4,3,1,3,1,3,5,4,1,3,4,3,3,1,3,3,4,4,2,2,3,1,3,5
2024/12/27 12:29:45 PM GMT+5,45 and above,Female,Doctorate,Employed Full Time,1,2,2,2,5,5,1,4,4,1,1,5,2,4,4,4,2,3,5,2,3,4,5,3
2024/12/30 12:15:58 AM GMT+5,25-34,Female,Intermediate,Employed Full Time,3,3,4,3,2,1,3,3,2,4,2,2,3,4,4,2,2,4,4,5,5,4,2,2
2025/01/12 10:49:00 AM GMT+5,35-44,Male,Undergraduate,Student,2,1,4,1,4,3,4,4,2,1,5,4,3,2,5,5,5,4,2,1,5,4,3,4
2024/12/28 06:16:39 AM GMT+5,45 and above,Female,Intermediate,Employed Full Time,4,2,3,3,5,2,5,4,4,5,5,2,2,3,1,1,3,4,3,4,2,1,2,4
2024/12/28 09:49:56 PM GMT+5,45 and above,Female,Graduate,Employed Part-Time,2,1,3,5,1,5,5,4,3,2,1,2,5,2,2,1,1,4,2,1,1,2,3,1
2025/01/09 08:23:57 PM GMT+5,25-34,Male,Intermediate,Student,1,3,5,1,3,4,3,2,3,3,5,4,5,1,5,3,1,3,1,4,5,4,1,4
2025/01/03 08:17:18 PM GMT+5,35-44,Male,Intermediate,Employed Full Time,3,5,5,3,2,4,1,1,2,5,4,3,1,5,3,1,1,1,3,3,3,4,1,4
2025/01/31 12:28:45 PM GMT+5,18-24,Male,Graduate,Student,3,2,3,4,4,1,4,4,5,4,5,4,1,4,3,2,4,2,2,1,1,4,4,5
2025/01/24 09:21:13 PM GMT+5,35-44,Female,Graduate,Employed Part-Time,4,3,4,5,4,5,4,2,4,1,2,3,4,1,5,5,2,5,3,3,3,3,3,2
2025/01/18 03:11:10 PM GMT+5,18-24,Female,Intermediate,Student,2,1,5,4,3,4,5,5,2,5,3,4,4,3,1,5,1,4,4,4,4,5,5,4
2025/01/24 01:25:45 AM GMT+5,18-24,Male,Intermediate,Student,4,3,5,4,3,3,1,5,3,2,5,5,4,3,5,2,4,2,2,4,2,1,2,4
2025/01/06 10:18:27 PM GMT+5,25-34,Female,Undergraduate,Employed Full Time,4,1,5,5,4,1,3,5,1,3,3,5,4,3,5,2,1,1,2,1,3,1,2,3
2025/01/24 04:14:08 PM GMT+5,18-24,Female,Doctorate,Employed Full Time,3,4,1,1,2,1,1,4,4,3,2,4,1,5,4,1,2,4,5,2,4,3,3,3
2024/12/18 06:54:51 PM GMT+5,35-44,Female,Doctorate,Employed Full Time,3,2,1,2,4,2,5,1,1,1,1,1,1,2,4,4,4,5,5,3,1,4,3,3
2025/01/01 10:55:17 PM GMT+5,35-44,Male,Undergraduate,Student,5,2,4,1,4,2,2,4,1,4,1,3,2,2,1,5,5,3,5,4,5,3,2,1
2025/01/31 10:08:25 PM GMT+5,45 and above,Male,Doctorate,Employed Part-Time,4,2,2,4,5,4,2,1,2,4,4,5,4,5,3,1,5,3,5,5,4,4,1,1
2025/02/01 02:09:17 AM GMT+5,18-24,Male,Graduate,Employed Full Time,4,2,2,5,2,5,2,5,3,5,5,1,5,4,3,1,5,5,2,2,1,1,5,5
2025/01/25 04:36:20 PM GMT+5,35-44,Female,Graduate,Student,4,4,2,1,2,3,4,3,2,1,2,1,3,5,1,3,5,3,5,2,4,3,2,3
2025/01/25 08:20:11 PM GMT+5,25-34,Male,Intermediate,Employed Part-Time,2,5,4,4,1,5,5,4,3,5,4,2,2,1,1,4,3,3,4,4,5,2,1,4
2024/12/30 10:50:07 PM GMT+5,35-44,Male,Doctorate,Employed Part-Time,3,5,3,4,5,3,3,1,3,3,2,1,2,2,3,5,4,2,3,1,3,2,3,5
2025/01/10 08:04:52 AM GMT+5,45 and above,Male,Doctorate,Employed Part-Time,2,1,1,1,3,4,1,1,2,5,2,4,4,4,4,1,4,4,5,2,1,3,2,4
2024/12/27 09:14:05 PM GMT+5,18-24,Female,Doctorate,Student,5,4,1,5,1,4,3,4,5,4,4,4,4,5,5,3,2,3,4,1,3,3,1,5
2024/12/30 10:32:28 PM GMT+5,35-44,Male,Graduate,Employed Full Time,1,5,3,2,3,5,2,4,2,3,3,3,3,4,4,1,2,2,3,4,3,5,2,1
2025/01/07 08:26:23 PM GMT+5,35-44,Female,Intermediate,Employed Part-Time,3,4,2,1,1,1,1,1,4,4,1,5,3,1,3,3,3,1,3,5,1,4,3,1
2025/01/19 10:33:44 PM GMT+5,18-24,Male,Undergraduate,Employed Part-Time,4,5,1,4,5,4,4,3,2,1,3,4,1,5,3,1,2,3,1,5,1,4,2,2
2025/02/04 02:16:40 PM GMT+5,45 and above,Female,Doctorate,Employed Full Time,3,1,3,2,4,3,1,2,4,3,3,1,3,2,5,4,1,2,3,2,1,5,2,4
2025/01/12 05:02:31 PM GMT+5,25-34,Male,Intermediate,Employed Part-Time,3,4,3,3,3,1,1,3,3,3,1,2,2,3,1,3,2,3,1,3,4,5,1,4
2024/12/25 03:25:48 PM GMT+5,35-44,Male,Graduate,Employed Part-Time,4,2,2,2,1,4,2,2,2,3,3,2,4,5,1,5,1,2,4,2,3,3,4,3
2025/02/03 12:48:23 PM GMT+5,18-24,Female,Doctorate,Employed Part-Time,1,4,4,3,3,3,3,5,1,1,5,5,5,1,1,4,5,1,1,1,1,4,2,5
2025/02/02 04:16:28 AM GMT+5,45 and above,Female,Doctorate,Student,2,1,3,4,2,2,4,5,5,5,2,5,5,4,3,3,4,3,5,3,3,5,4,3
2025/01/06 12:54:37 PM GMT+5,35-44,Male,Intermediate,Employed Full Time,2,2,5,3,1,3,3,3,1,1,3,3,4,2,5,3,3,4,1,1,1,3,2,2
2025/01/25 08:15:48 AM GMT+5,45 and above,Female,Doctorate,Employed Full Time,5,2,1,2,4,4,4,1,2,4,3,2,3,2,5,1,4,3,2,2,3,4,3,5
2024/12/16 11:10:24 PM GMT+5,35-44,Male,Doctorate,Employed Part-Time,2,1,4,3,5,4,2,2,4,2,3,4,4,1,2,1,3,5,5,5,1,1,3,1
2024/12/21 03:21:09 PM GMT+5,18-24,Male,Undergraduate,Employed Full Time,1,2,4,5,5,5,3,2,1,4,3,4,3,4,4,2,4,4,5,3,5,2,5,2
2024/12/21 10:16:49 PM GMT+5,18-24,Male,Undergraduate,Employed Full Time,2,5,4,5,4,4,3,3,4,4,4,5,1,4,1,4,2,1,2,4,5,4,3,2
2025/01/23 08:55:42 PM GMT+5,25-34,Male,Intermediate,Employed Part-Time,1,5,2,1,4,4,3,1,2,1,3,5,5,2,4,3,4,2,1,4,3,2,1,3
2025/01/19 01:57:03 AM GMT+5,25-34,Male,Intermediate,Employed Part-Time,2,5,4,3,4,4,2,1,3,1,1,1,4,1,4,2,2,5,1,4,3,2,1,1
2025/01/24 05:12:58 AM GMT+5,25-34,Male,Doctorate,Employed Part-Time,5,4,1,1,2,4,3,3,5,4,4,3,2,2,1,5,5,3,4,1,5,4,2,1
2024/12/22 11:43:12 AM GMT+5,18-24,Male,Intermediate,Employed Part-Time,5,4,5,4,2,1,4,5,1,3,3,5,4,1,2,1,2,3,3,3,2,1,3,4
2025/01/10 08:14:54 AM GMT+5,45 and above,Male,Undergraduate,Employed Full Time,4,2,5,2,3,3,4,5,1,2,2,2,2,4,3,2,3,4,4,5,2,1,3,4
2025/01/20 08:00:52 PM GMT+5,45 and above,Female,Undergraduate,Student,1,3,3,5,3,3,1,1,5,1,3,2,3,4,4,3,5,3,1,5,3,1,1,5
2025/01/06 01:47:25 PM GMT+5,18-24,Female,Doctorate,Student,3,4,4,1,5,4,2,4,2,3,5,3,3,2,5,2,4,2,1,3,2,5,1,4
2025/01/26 11:19:15 PM GMT+5,25-34,Male,Undergraduate,Student,1,1,3,3,4,3,5,4,1,2,3,2,4,2,2,5,5,3,1,3,1,3,5,3
2025/01/03 01:16:15 PM GMT+5,18-24,Female,Undergraduate,Student,3,4,3,4,4,4,3,4,1,1,3,4,4,2,5,3,3,2,1,1,3,3,1,5
2025/01/23 04:56:04 PM GMT+5,45 and above,Female,Intermediate,Employed Full Time,5,3,4,1,3,1,2,5,2,5,1,2,3,1,1,3,2,2,3,2,4,1,1,2
2025/01/15 08:33:49 PM GMT+5,45 and above,Female,Undergraduate,Employed Part-Time,3,5,4,4,1,1,5,5,1,1,1,1,5,4,4,2,3,3,3,5,1,3,2,5
2025/02/04 08:08:29 AM GMT+5,35-44,Male,Doctorate,Student,1,3,3,1,5,5,3,1,1,2,2,2,3,3,1,4,5,1,2,2,2,3,1,3
2024/12/16 07:39:09 PM GMT+5,25-34,Female,Graduate,Employed Part-Time,5,4,5,1,4,1,1,5,3,1,5,1,1,5,1,5,3,5,3,3,2,1,3,4
2025/01/10 10:19:59 AM GMT+5,35-44,Female,Doctorate,Employed Full Time,1,5,4,4,3,3,1,2,3,2,1,2,4,1,2,2,5,3,2,3,3,2,5,1
2024/12/30 01:54:30 AM GMT+5,35-44,Female,Intermediate,Employed Part-Time,5,2,4,2,4,1,3,1,1,2,3,3,4,2,3,2,1,3,2,1,2,3,1,4
2025/01/19 08:22:05 PM GMT+5,35-44,Female,Doctorate,Employed Full Time,2,2,4,1,1,1,1,1,1,1,3,3,1,5,1,1,2,1,1,2,2,4,1,3
2025/01/31 02:12:01 AM GMT+5,35-44,Female,Intermediate,Student,4,3,1,3,5,4,4,1,3,1,3,3,3,1,1,1,4,2,2,2,3,2,3,3
2025/01/11 09:41:24 PM GMT+5,25-34,Female,Graduate,Employed Full Time,5,5,4,1,3,1,2,4,4,5,3,2,3,3,4,5,5,5,4,3,3,1,4,5
2025/01/09 04:23:04 AM GMT+5,35-44,Male,Undergraduate,Employed Part-Time,4,1,3,2,3,1,4,5,4,1,5,2,3,5,1,5,2,4,1,2,5,3,3,4
2025/01/15 01:32:04 PM GMT+5,18-24,Female,Doctorate,Student,1,3,1,2,4,4,4,1,2,5,3,5,1,5,5,5,5,3,5,1,1,5,5,1
2025/01/27 06:55:55 PM GMT+5,18-24,Female,Undergraduate,Employed Full Time,4,3,3,2,3,3,2,1,3,2,3,5,5,5,2,5,2,3,5,2,2,3,5,4
2025/01/29 08:55:38 PM GMT+5,35-44,Male,Graduate,Student,3,4,3,4,2,1,1,1,5,1,1,1,5,1,2,2,1,2,5,5,3,2,4,2
2025/01/10 04:02:37 PM GMT+5,35-44,Male,Graduate,Student,4,5,2,4,2,5,1,1,1,5,3,2,2,3,5,4,1,2,2,2,2,2,1,4
2025/01/21 01:02:22 PM GMT+5,18-24,Male,Graduate,Employed Full Time,5,3,3,2,4,1,4,2,2,1,4,2,3,3,2,4,4,2,1,3,5,5,5,5
2025/01/06 05:57:16 PM GMT+5,25-34,Female,Undergraduate,Employed Part-Time,3,4,2,1,1,2,5,3,4,3,1,4,1,2,1,3,1,3,2,3,5,5,2,2
2025/01/28 09:11:20 AM GMT+5,18-24,Male,Intermediate,Student,3,3,2,2,3,2,1,5,1,2,2,2,3,2,5,2,2,4,3,3,4,3,1,1
2024/12/19 01:30:37 PM GMT+5,18-24,Female,Graduate,Student,2,5,4,4,5,4,5,1,1,3,1,3,5,2,2,5,1,1,4,2,4,4,5,5
2025/01/25 12:50:57 PM GMT+5,35-44,Female,Intermediate,Employed Full Time,3,2,3,5,3,4,2,3,4,2,1,4,4,3,1,4,3,5,2,2,2,5,4,1
2024/12/17 05:31:04 AM GMT+5,45 and above,Male,Graduate,Employed Full Time,2,5,3,5,2,5,1,5,5,2,3,3,3,3,2,5,1,4,3,4,3,5,3,3
2025/01/27 04:35:48 PM GMT+5,18-24,Female,Graduate,Employed Full Time,3,3,4,5,5,1,5,5,3,1,2,4,2,1,3,2,2,5,1,4,1,4,2,5
2025/01/22 09:06:37 PM GMT+5,18-24,Female,Intermediate,Employed Part-Time,3,5,1,1,3,2,3,4,3,5,5,5,5,3,3,2,4,1,2,5,5,3,2,2
2024/12/27 12:43:52 PM GMT+5,25-34,Female,Graduate,Employed Full Time,2,1,5,5,5,4,1,3,2,4,1,4,1,4,2,2,2,2,4,2,2,4,2,3
2025/02/04 08:20:54 AM GMT+5,25-34,Male,Graduate,Student,2,2,1,2,4,3,5,2,4,1,4,1,1,3,3,3,1,2,1,5,5,4,2,2
2025/01/15 12:49:04 AM GMT+5,45 and above,Female,Undergraduate,Student,2,4,4,2,5,3,3,1,3,5,1,5,5,1,4,2,4,1,3,1,2,3,4,5
2025/01/23 08:05:38 AM GMT+5,18-24,Male,Graduate,Student,1,5,3,4,2,5,2,5,4,4,1,5,5,1,4,1,1,1,1,5,2,3,4,4
2025/02/02 08:04:28 AM GMT+5,25-34,Male,Intermediate,Student,4,2,4,3,1,1,4,3,4,1,4,1,5,3,1,3,2,4,4,1,3,4,3,2
2025/01/05 06:29:45 AM GMT+5,25-34,Female,Undergraduate,Employed Full Time,2,2,1,1,3,5,2,5,2,5,4,4,2,1,5,3,1,4,3,3,3,2,5,2
2024/12/20 06:11:10 PM GMT+5,18-24,Female,Graduate,Employed Part-Time,1,5,1,4,2,5,1,2,5,5,5,3,1,3,2,5,4,2,2,3,2,3,2,1
2025/01/10 03:07:56 PM GMT+5,45 and above,Female,Doctorate,Employed Part-Time,2,3,3,3,2,3,3,5,1,2,1,4,1,3,4,2,2,1,2,4,4,4,2,3
2024/12/21 10:02:51 AM GMT+5,25-34,Female,Undergraduate,Employed Full Time,3,2,5,5,3,5,5,1,3,4,5,2,3,3,5,5,4,2,2,5,2,1,4,5
2025/02/01 07:22:29 AM GMT+5,25-34,Female,Undergraduate,Employed Full Time,3,1,4,1,1,5,2,1,3,2,5,3,2,3,4,4,1,3,2,5,5,5,1,5
2024/12/23 08:27:35 AM GMT+5,35-44,Female,Graduate,Employed Part-Time,1,1,2,2,4,1,2,2,4,3,3,1,4,1,4,5,1,5,1,1,2,3,5,4
2025/01/29 12:03:20 AM GMT+5,18-24,Male,Graduate,Employed Full Time,4,3,5,4,3,3,5,2,4,3,4,3,2,1,1,5,3,3,2,5,4,1,2,1
2024/12/29 10:53:03 PM GMT+5,35-44,Female,Undergraduate,Employed Full Time,3,5,4,1,5,1,4,1,5,3,1,3,2,2,2,4,5,2,3,4,2,1,3,1
2024/12/22 11:29:32 PM GMT+5,45 and above,Female,Undergraduate,Student,1,5,2,1,3,1,1,2,5,5,3,3,5,1,3,1,2,2,5,3,4,5,3,5
2025/01/22 01:27:46 AM GMT+5,18-24,Male,Intermediate,Employed Full Time,5,2,3,1,4,4,5,5,3,2,3,4,5,4,4,1,2,2,3,4,3,1,3,3
2025/01/03 03:46:56 AM GMT+5,45 and above,Male,Intermediate,Student,4,4,4,5,4,1,4,2,5,3,5,4,3,5,1,4,1,1,2,1,4,1,2,2
2025/01/07 04:00:23 PM GMT+5,25-34,Female,Graduate,Employed Part-Time,3,5,3,3,1,1,4,1,3,3,5,2,2,5,4,1,5,3,2,3,3,3,3,2
2025/01/09 02:56:09 PM GMT+5,35-44,Male,Graduate,Employed Full Time,3,1,1,2,5,4,4,1,5,2,1,3,3,1,1,1,2,1,4,3,2,1,5,2
2024/12/29 04:07:57 AM GMT+5,45 and above,Female,Intermediate,Employed Part-Time,1,4,2,2,3,1,5,2,3,1,5,3,1,1,1,5,4,1,2,3,3,5,3,5
2025/01/01 07:19:58 AM GMT+5,45 and above,Female,Undergraduate,Student,3,1,3,5,2,1,2,5,3,3,3,4,4,2,3,3,5,3,4,4,1,1,1,1
2025/01/08 10:16:33 AM GMT+5,35-44,Male,Doctorate,Employed Part-Time,3,3,4,4,4,1,4,3,2,1,4,5,1,1,3,3,1,5,3,2,1,2,3,4
2025/01/04 05:15:20 AM GMT+5,25-34,Male,Doctorate,Student,2,5,1,3,5,3,1,4,4,4,5,5,2,2,2,4,1,5,2,4,3,2,1,1
2025/01/19 01:15:15 PM GMT+5,25-34,Female,Graduate,Employed Part-Time,5,5,4,4,4,4,3,3,4,2,2,1,4,1,5,2,1,4,3,4,5,4,3,4
2025/01/12 12:11:25 PM GMT+5,45 and above,Female,Intermediate,Employed Full Time,5,1,5,1,3,1,2,1,1,2,4,4,2,1,1,4,5,1,1,1,2,5,5,4
2025/02/02 10:27:46 AM GMT+5,18-24,Male,Doctorate,Employed Part-Time,3,1,2,2,3,2,3,5,2,3,1,3,5,1,4,5,3,5,1,5,1,3,3,3
2025/01/24 08:59:00 PM GMT+5,35-44,Female,Doctorate,Employed Part-Time,1,3,5,3,4,5,3,1,1,2,4,1,4,4,2,5,3,2,3,3,2,3,3,1
2025/01/30 06:26:37 PM GMT+5,25-34,Female,Doctorate,Employed Full Time,3,1,3,5,1,4,1,2,5,4,3,2,3,4,2,5,3,2,4,2,2,3,1,3
2025/02/01 10:31:16 AM GMT+5,45 and above,Female,Undergraduate,Employed Full Time,3,1,5,3,2,3,1,5,1,4,5,5,1,4,3,2,4,4,1,5,2,2,5,5
2024/12/28 08:25:28 PM GMT+5,18-24,Female,Graduate,Employed Part-Time,3,4,3,3,3,4,1,4,1,4,2,1,1,1,4,2,4,2,1,3,1,3,4,2
2025/01/06 10:01:56 PM GMT+5,45 and above,Male,Intermediate,Employed Part-Time,3,3,3,4,2,5,3,5,5,5,5,3,5,2,3,1,1,4,5,3,2,3,3,5
2025/01/19 08:32:27 PM GMT+5,35-44,Female,Doctorate,Student,4,3,2,4,1,2,4,3,1,3,3,2,4,4,4,5,3,1,1,3,5,4,1,5
2024/12/29 01:08:45 PM GMT+5,25-34,Male,Graduate,Employed Full Time,1,4,3,1,1,3,2,2,2,2,1,3,5,3,3,2,3,4,5,1,3,3,5,5
2024/12/24 03:27:27 AM GMT+5,25-34,Male,Intermediate,Student,2,1,5,1,2,5,5,4,5,5,5,1,3,2,3,3,1,2,4,3,4,4,2,1
2025/01/12 12:37:13 PM GMT+5,25-34,Female,Undergraduate,Student,2,4,1,4,5,1,3,2,3,4,1,4,2,5,2,4,2,4,5,5,5,3,3,1
2025/01/29 06:22:21 PM GMT+5,18-24,Female,Intermediate,Student,3,3,1,4,3,5,3,5,1,4,4,5,3,2,5,2,4,3,4,1,4,5,4,3
2025/01/18 05:56:03 PM GMT+5,35-44,Male,Graduate,Student,5,4,4,4,1,3,2,1,3,4,3,4,3,3,1,2,1,2,3,4,2,4,4,4
2025/01/10 08:00:58 PM GMT+5,18-24,Male,Intermediate,Employed Part-Time,4,1,1,1,1,3,5,4,5,4,2,2,5,5,1,4,1,3,2,1,3,1,3,4
2024/12/25 09:44:21 PM GMT+5,25-34,Male,Undergraduate,Student,2,3,3,1,4,2,3,4,2,1,5,5,4,5,5,2,1,4,4,1,2,4,2,3
2025/01/22 01:02:49 AM GMT+5,35-44,Male,Undergraduate,Employed Part-Time,5,1,3,2,1,3,1,4,5,2,1,5,2,1,4,1,3,3,4,5,2,4,5,4
2024/12/26 10:27:55 AM GMT+5,18-24,Male,Graduate,Employed Full Time,5,5,1,4,2,1,5,5,2,3,4,4,2,1,3,4,5,1,2,1,2,3,4,5
2024/12/15 06:47:25 AM GMT+5,25-34,Female,Doctorate,Student,2,1,3,3,3,2,1,1,3,4,2,2,4,2,5,3,2,1,4,1,1,2,1,4
2024/12/26 11:51:17 AM GMT+5,25-34,Female,Undergraduate,Employed Full Time,3,4,3,2,3,1,4,2,4,5,1,1,3,4,4,1,5,1,5,5,5,4,4,4
2025/01/08 09:52:31 AM GMT+5,25-34,Male,Doctorate,Employed Full Time,3,1,1,1,1,3,5,3,5,3,2,3,5,5,3,2,4,2,3,5,3,5,2,3
2025/01/19 01:51:09 AM GMT+5,45 and above,Male,Graduate,Student,1,3,3,4,4,5,3,5,4,2,4,4,4,5,1,2,3,5,5,2,1,1,3,2
2024/12/28 07:59:43 PM GMT+5,45 and above,Female,Undergraduate,Employed Part-Time,2,4,5,4,2,5,2,2,1,1,3,1,3,4,5,3,1,3,4,5,4,3,5,1
2025/01/17 10:13:03 PM GMT+5,25-34,Male,Graduate,Student,5,4,2,4,3,1,1,3,4,4,1,3,5,2,5,3,4,3,1,1,5,5,4,4
2024/12/25 02:02:49 AM GMT+5,45 and above,Female,Intermediate,Employed Full Time,2,3,1,3,4,5,2,5,3,5,1,2,1,2,2,1,1,1,5,3,3,4,3,5
2025/01/04 09:01:12 AM GMT+5,25-34,Female,Intermediate,Employed Full Time,4,2,5,4,3,1,3,2,3,1,4,4,5,5,2,2,1,1,3,2,3,2,3,5
2025/01/24 10:32:56 PM GMT+5,35-44,Female,Graduate,Employed Full Time,2,2,2,5,5,5,2,2,2,1,3,1,5,4,2,3,4,4,5,1,2,5,1,4
2025/01/20 09:59:44 AM GMT+5,45 and above,Female,Undergraduate,Employed Full Time,5,5,5,1,3,3,1,1,5,3,1,2,2,4,5,3,3,1,4,1,3,1,3,3
2025/01/30 10:39:11 AM GMT+5,18-24,Female,Intermediate,Employed Part-Time,4,4,3,5,3,3,2,5,4,4,4,4,5,5,1,1,5,2,1,4,3,3,4,5
2025/01/25 05:13:29 AM GMT+5,25-34,Female,Intermediate,Employed Full Time,1,3,5,2,1,3,2,1,2,4,5,2,5,4,1,5,5,4,2,5,3,2,5,1
2025/02/01 03:31:04 AM GMT+5,45 and above,Female,Intermediate,Employed Full Time,5,5,5,4,2,2,3,1,2,2,4,2,1,2,2,4,5,1,1,4,5,4,4,5
2024/12/19 10:28:46 PM GMT+5,25-34,Female,Doctorate,Employed Full Time,4,3,2,3,4,1,3,4,4,2,2,4,4,2,4,4,5,1,5,5,5,1,4,3
2025/01/06 10:17:48 AM GMT+5,25-34,Female,Graduate,Employed Part-Time,1,3,5,4,1,2,4,2,1,2,4,4,4,4,3,3,4,1,5,4,3,2,4,1
2024/12/26 09:53:44 AM GMT+5,45 and above,Male,Doctorate,Employed Part-Time,1,3,3,1,1,4,4,2,4,5,3,2,1,2,3,2,2,2,2,3,2,4,5,4
2025/01/13 06:03:51 PM GMT+5,25-34,Female,Undergraduate,Student,2,1,2,3,5,4,5,5,3,2,3,3,2,1,5,5,2,4,4,3,5,3,2,5
2025/02/01 02:25:26 AM GMT+5,18-24,Male,Intermediate,Student,1,5,2,2,3,4,2,5,2,5,5,3,5,1,1,2,1,3,2,3,1,5,3,3
2024/12/18 02:38:12 AM GMT+5,35-44,Male,Doctorate,Employed Full Time,4,1,3,1,4,4,3,3,1,1,2,4,5,3,1,1,1,4,3,5,5,2,2,3
2025/01/30 02:29:03 AM GMT+5,18-24,Female,Doctorate,Student,1,5,1,2,5,3,4,3,5,1,2,1,4,1,4,3,3,5,2,1,2,3,5,2
2024/12/27 06:36:31 PM GMT+5,35-44,Male,Doctorate,Employed Full Time,5,2,5,5,3,2,1,2,5,3,3,1,3,1,5,1,3,5,4,4,2,3,1,5
2024/12/25 05:57:31 AM GMT+5,18-24,Male,Undergraduate,Employed Part-Time,1,2,5,2,1,1,5,3,1,5,2,3,1,3,1,5,5,3,1,2,2,5,1,2
2025/01/27 02:27:46 AM GMT+5,35-44,Female,Undergraduate,Student,5,2,4,4,5,4,2,1,2,5,1,5,2,1,1,1,5,2,4,2,5,4,2,4
2024/12/15 05:34:16 AM GMT+5,18-24,Male,Doctorate,Employed Part-Time,3,5,3,4,4,4,4,2,5,3,5,2,4,2,1,4,5,5,1,3,3,4,4,3
2025/01/30 08:45:59 AM GMT+5,45 and above,Male,Doctorate,Employed Part-Time,4,1,3,5,3,4,2,3,5,3,3,1,5,3,4,4,4,2,4,3,3,3,4,3
2025/01/04 08:51:50 AM GMT+5,18-24,Female,Intermediate,Employed Part-Time,5,3,4,4,5,5,2,4,3,1,4,4,3,5,3,3,4,5,5,2,3,3,5,1
2024/12/29 06:28:51 AM GMT+5,45 and above,Male,Graduate,Employed Full Time,3,3,4,2,5,2,4,5,2,4,3,4,2,3,1,1,1,2,1,3,3,2,4,4
2024/12/21 09:43:43 PM GMT+5,35-44,Female,Undergraduate,Employed Full Time,2,2,3,3,4,2,2,4,5,2,3,1,5,5,2,4,1,1,4,3,5,5,2,4
2024/12/22 04:04:48 PM GMT+5,25-34,Female,Doctorate,Student,3,5,4,5,5,1,3,1,3,1,2,5,3,4,2,2,3,5,3,3,4,5,4,3
2025/01/27 07:04:41 PM GMT+5,35-44,Male,Graduate,Employed Part-Time,5,5,4,1,4,5,5,1,1,2,1,2,2,5,5,5,1,3,2,2,5,1,3,2
2025/01/16 08:09:48 PM GMT+5,18-24,Male,Graduate,Employed Full Time,2,5,4,4,5,2,3,2,4,2,4,2,2,3,4,3,2,4,2,2,4,4,3,3
2025/01/08 02:55:03 PM GMT+5,45 and above,Male,Graduate,Employed Part-Time,5,3,3,1,1,5,3,2,1,3,1,1,4,5,4,2,1,3,2,1,4,5,2,1
2025/01/04 06:37:41 PM GMT+5,35-44,Female,Intermediate,Employed Full Time,1,1,2,4,3,4,2,1,4,5,1,4,3,1,3,3,3,2,2,5,3,2,4,3
2024/12/16 07:25:09 PM GMT+5,25-34,Female,Graduate,Employed Full Time,4,5,1,2,2,3,3,2,1,1,3,4,5,1,4,4,2,3,2,3,2,4,3,1
2024/12/20 06:18:51 PM GMT+5,35-44,Female,Undergraduate,Student,3,1,1,2,4,5,3,2,2,1,3,5,2,3,5,5,1,5,5,5,2,5,3,4
2025/02/03 12:12:45 PM GMT+5,18-24,Male,Undergraduate,Student,1,4,2,4,4,5,4,5,2,5,1,5,2,4,4,4,3,5,2,3,3,2,3,5
2025/01/29 09:41:13 PM GMT+5,25-34,Male,Graduate,Student,3,3,5,5,4,1,2,4,4,4,2,4,4,3,4,3,1,3,3,5,4,4,2,2
2025/01/18 03:24:22 PM GMT+5,25-34,Male,Doctorate,Employed Full Time,5,2,4,1,5,5,5,2,3,3,1,1,5,4,3,5,4,5,3,2,4,5,2,4
2025/02/01 10:40:14 AM GMT+5,18-24,Female,Doctorate,Employed Full Time,3,4,3,2,2,4,4,1,2,5,5,3,5,3,2,2,2,4,5,2,3,3,4,4
2024/12/28 10:07:33 PM GMT+5,18-24,Male,Graduate,Employed Part-Time,3,1,5,4,1,5,3,1,2,5,5,3,4,4,3,1,1,2,1,4,1,3,3,5
2025/01/17 01:32:26 AM GMT+5,18-24,Male,Graduate,Employed Full Time,4,5,4,5,1,5,1,1,4,2,4,3,3,3,4,5,3,3,3,1,5,3,3,5
2025/01/10 01:32:35 AM GMT+5,45 and above,Female,Undergraduate,Employed Part-Time,5,2,5,4,2,1,1,4,3,3,2,4,4,2,5,1,5,5,1,1,1,5,3,3
2025/01/23 11:15:02 AM GMT+5,18-24,Male,Undergraduate,Student,1,2,4,5,5,4,1,4,3,2,1,3,5,5,2,1,3,5,1,1,5,5,3,2
2025/01/05 10:50:28 AM GMT+5,45 and above,Female,Doctorate,Employed Part-Time,3,1,5,1,3,5,2,4,5,4,1,2,2,5,3,5,1,1,3,2,3,5,5,3
2024/12/29 07:23:52 PM GMT+5,35-44,Female,Graduate,Employed Full Time,5,4,5,2,2,2,4,5,2,3,4,4,2,2,4,1,1,5,5,4,2,1,2,1
2024/12/15 06:26:59 AM GMT+5,18-24,Male,Undergraduate,Student,5,3,1,1,5,4,1,3,3,4,3,2,2,4,2,1,1,2,5,4,1,5,3,5
2025/01/16 08:23:30 AM GMT+5,25-34,Male,Doctorate,Employed Full Time,1,2,5,5,4,5,3,3,5,4,1,2,5,5,2,1,3,3,5,1,1,2,4,2
2025/01/14 09:06:34 PM GMT+5,45 and above,Male,Graduate,Employed Full Time,3,1,5,1,3,1,5,4,3,5,1,3,1,3,4,2,3,4,2,1,1,5,5,3
2025/01/15 02:47:46 AM GMT+5,45 and above,Male,Intermediate,Employed Full Time,5,5,3,4,2,3,5,5,2,2,1,1,2,4,5,2,5,3,2,1,4,1,3,1
2025/01/01 02:24:01 AM GMT+5,45 and above,Female,Intermediate,Employed Part-Time,4,5,4,5,2,1,1,1,3,4,5,3,5,3,1,2,3,5,3,1,2,2,2,5
2025/01/09 05:14:09 PM GMT+5,35-44,Male,Intermediate,Student,3,2,4,3,5,5,1,2,3,5,3,5,2,1,1,4,1,5,2,5,5,2,4,4
2025/01/05 03:18:18 PM GMT+5,25-34,Female,Doctorate,Employed Part-Time,4,4,4,5,1,4,3,4,3,3,1,4,4,3,5,3,4,2,3,3,5,2,3,2
2025/01/13 11:41:56 PM GMT+5,25-34,Female,Undergraduate,Student,3,1,5,2,5,5,5,4,2,1,3,4,2,2,2,5,1,1,4,5,3,1,5,5
2025/01/04 11:11:50 PM GMT+5,18-24,Female,Doctorate,Student,5,5,4,5,2,1,4,1,5,3,3,1,1,5,3,5,1,4,5,1,1,1,4,5
2024/12/24 04:39:08 PM GMT+5,18-24,Female,Graduate,Employed Part-Time,3,1,5,2,2,2,4,1,4,4,3,3,4,4,3,2,5,3,5,4,1,2,5,2
2025/01/21 11:14:02 PM GMT+5,18-24,Female,Graduate,Employed Part-Time,2,2,2,4,3,1,3,1,2,5,3,2,5,2,5,1,2,2,4,5,5,3,2,4
2024/12/30 02:53:12 PM GMT+5,18-24,Female,Doctorate,Employed Full Time,4,3,4,4,5,4,1,2,4,2,4,1,5,1,5,2,2,2,1,2,4,1,5,3
2025/01/12 10:08:11 PM GMT+5,35-44,Male,Intermediate,Employed Full Time,5,5,1,2,1,4,5,3,5,1,2,2,1,2,5,3,4,1,5,1,1,5,1,3
2025/01/21 06:45:12 AM GMT+5,45 and above,Female,Doctorate,Student,4,3,1,1,5,1,5,1,3,3,5,2,1,3,1,2,2,4,4,1,3,4,1,3
2024/12/27 09:48:54 AM GMT+5,18-24,Female,Intermediate,Employed Full Time,3,1,2,4,4,4,1,3,2,5,2,2,5,3,3,1,4,5,2,1,1,1,1,1
2025/01/21 05:58:05 AM GMT+5,18-24,Female,Intermediate,Employed Part-Time,5,3,4,3,1,3,1,4,3,2,2,2,1,3,5,2,3,1,1,3,4,3,3,1
2025/01/24 03:30:25 PM GMT+5,35-44,Male,Undergraduate,Employed Full Time,2,5,3,2,4,1,4,2,1,4,5,3,1,5,2,3,5,2,2,5,4,2,4,2
2024/12/15 09:06:41 PM GMT+5,25-34,Female,Undergraduate,Student,3,4,3,3,4,5,1,4,2,3,2,5,4,5,1,5,2,4,1,1,2,1,1,5
2024/12/28 09:15:43 AM GMT+5,35-44,Male,Graduate,Student,3,5,1,5,5,3,4,2,5,3,1,1,3,5,2,3,2,4,3,3,2,2,2,5
2025/01/07 11:15:33 AM GMT+5,35-44,Female,Graduate,Employed Full Time,2,1,1,3,1,1,4,4,4,1,4,1,3,4,1,2,5,4,2,1,3,2,1,3
2024/12/29 08:44:15 PM GMT+5,45 and above,Male,Undergraduate,Employed Full Time,5,5,5,5,3,3,5,2,3,1,2,5,3,2,4,2,4,5,4,1,4,3,1,4
2025/01/14 07:30:24 AM GMT+5,25-34,Male,Doctorate,Employed Part-Time,5,3,5,4,4,2,3,2,5,4,3,2,5,1,5,3,3,1,2,4,5,1,4,3
2025/01/19 09:28:06 PM GMT+5,35-44,Female,Doctorate,Employed Part-Time,1,4,2,4,4,5,4,3,3,3,3,4,2,5,1,1,4,5,5,4,2,2,5,3
2025/01/29 09:19:05 PM GMT+5,18-24,Female,Intermediate,Student,4,4,4,3,3,4,5,1,3,5,3,3,3,4,1,4,1,4,1,2,5,5,3,3
2025/01/23 10:33:53 PM GMT+5,45 and above,Female,Graduate,Student,5,5,2,2,4,4,4,4,1,5,2,1,2,4,4,4,4,1,1,1,5,2,5,4
2024/12/28 06:35:11 PM GMT+5,35-44,Female,Intermediate,Employed Full Time,1,4,5,5,1,5,2,3,5,1,4,1,4,4,3,5,5,1,2,4,1,3,3,1
2024/12/25 08:02:35 PM GMT+5,18-24,Male,Doctorate,Employed Part-Time,2,5,4,5,1,1,1,3,4,3,2,4,5,1,2,3,2,2,1,2,1,3,4,5
